"שם (עברית)","id קנוני","category ב-DB","מסמך קיים?","ב-ASSUMED_HOME_GEAR?","requiredGearType בשיטות","בית","פארק","רחוב","חדר כושר","משרד","מס' שיטות","קונפליקטים","category נכון","מיקומים נכונים"
"טבעות","rings","suspension","gear_definitions","","user_gear/fixed_equipment","✓","✓","","","✓","194","","",""
"מתח לדלת","pullup_bar_door","stationary","gear_definitions","","user_gear/improvised","✓","","","","✓","120","requiredGearType(user_gear/improvised) סותר category(stationary)","",""
"גומיית התנגדות","resistance_bands","resistance","gear_definitions + gym_equipment","","user_gear","✓","✓","✓","✓","✓","116","","",""
"כיסא","chair","improvised","gear_definitions","כן","improvised/user_gear/fixed_equipment","✓","","","","✓","98","","",""
"מתח בפארק","pullup_bar","stationary","gear_definitions + gym_equipment","","user_gear/improvised/fixed_equipment","✓","✓","","✓","","92","requiredGearType(user_gear/improvised/fixed_equipment) סותר category(stationary)","",""
"רצועות trx","trx","suspension","gear_definitions + gym_equipment","","fixed_equipment/user_gear/improvised","✓","✓","","","✓","50","requiredGearType(fixed_equipment/user_gear/improvised) סותר category(suspension)","",""
"ספסל רחוב","bench","improvised","gear_definitions","","user_gear/fixed_equipment","","✓","✓","","","44","improvised אך חסר מ-ASSUMED_HOME_GEAR | requiredGearType(user_gear/fixed_equipment) סותר category(improvised)","",""
"מקבילים בפארק","dip_station","stationary","gear_definitions + gym_equipment","","user_gear/fixed_equipment","✓","✓","","","","39","","",""
"מדרגות אימון","step","","gym_equipment","","user_gear/fixed_equipment","","✓","","","","22","gym_equipment ללא category","",""
"מקבילים נמוכים","parallel_bars_home","stationary","gear_definitions + gym_equipment","","user_gear","✓","✓","","","","19","","",""
"מזרון יוגה","mat","accessories","gear_definitions","כן","user_gear","✓","✓","✓","","✓","17","","",""
"שרפרף","stool","improvised","gear_definitions","","user_gear/improvised","✓","","✓","","✓","15","improvised אך חסר מ-ASSUMED_HOME_GEAR","",""
"ספה","sofa","improvised","gear_definitions","","user_gear/improvised","✓","","","✓","✓","14","improvised אך חסר מ-ASSUMED_HOME_GEAR","",""
"דלת","door","improvised","gear_definitions","כן","improvised/user_gear","✓","","","","","13","category ללא iconKey → נאבד בזמן ריצה","",""
"מכנסיים","pants","improvised","gear_definitions","","improvised","✓","","","","","12","improvised אך חסר מ-ASSUMED_HOME_GEAR","",""
"תיק גב","back_pack","improvised","gear_definitions","","user_gear","✓","✓","","","✓","5","improvised אך חסר מ-ASSUMED_HOME_GEAR | requiredGearType(user_gear) סותר category(improvised)","",""
"מדרגות","steps","improvised","gear_definitions","","user_gear","✓","","✓","","✓","4","improvised אך חסר מ-ASSUMED_HOME_GEAR | requiredGearType(user_gear) סותר category(improvised)","",""
"בלוק יוגה","yoga_block","accessories","gear_definitions","","user_gear/improvised","✓","✓","","","✓","4","requiredGearType(user_gear/improvised) סותר category(accessories)","",""
"","unknown_gear","","לא","","user_gear","","✓","","","","3","בשימוש בשיטות אך לא קיים באף קולקציה","",""
"","5wvcfte2gm9mnaebjimz","","לא","","fixed_equipment","","✓","","","","1","בשימוש בשיטות אך לא קיים באף קולקציה","",""
"גלגל בטן","Abdominal_wheel","accessories","gear_definitions","","improvised","✓","","","","","1","requiredGearType(improvised) סותר category(accessories)","",""
"מיטת עליית בטן","inkr0xuxevblg370watm","","gym_equipment","","user_gear","","✓","","","","1","gym_equipment ללא category","",""
"טבעות אימון","ring_park","","gym_equipment","","user_gear","","✓","","","","1","gym_equipment ללא category","",""
"מאמן שרירי בטן ואגן","2kt12yhp8fdarqnnspix","","gym_equipment","","","","","","","","0","gym_equipment ללא category | 0 שיטות — פריט מת","",""
"לחיצת חזה בשכיבה - במכונה","akymudsoujlltitum0fm","","gym_equipment","","","","","","","","0","gym_equipment ללא category | 0 שיטות — פריט מת","",""
"מתקן לחיצת חזה בשכיבה - משקולות","b48wtey6slvx3nbu88ix","","gym_equipment","","","","","","","","0","gym_equipment ללא category | 0 שיטות — פריט מת","",""
"לחיצת רגליים במכונה","bbqp7qraztbvzqokxax1","","gym_equipment","","","","","","","","0","gym_equipment ללא category | 0 שיטות — פריט מת","",""
"אופניים בישיבה במכונה","bzqqmxv2v6gutrvu5af5","","gym_equipment","","","","","","","","0","gym_equipment ללא category | 0 שיטות — פריט מת","",""
"סיבובי ידיים במכונה","ca6lgibaupdiks0auqdq","","gym_equipment","","","","","","","","0","gym_equipment ללא category | 0 שיטות — פריט מת","",""
"חבל טיפוס","Climbing rope","stationary","gear_definitions + gym_equipment","","","","","","","","0","0 שיטות — פריט מת","",""
"סקי רחיפה","cmcfwjwelvrzuoeojdey","","gym_equipment","","","","","","","","0","gym_equipment ללא category | 0 שיטות — פריט מת","",""
"סולם הליכות ידיים","cnauxdv5run2gamlzmk8","","gym_equipment","","","","","","","","0","gym_equipment ללא category | 0 שיטות — פריט מת","",""
"חתירה במכונה בשכיבה","dekaumtimalx3q740ylh","","gym_equipment","","","","","","","","0","gym_equipment ללא category | 0 שיטות — פריט מת","",""
"אגרוף תאילנדי","dg5fqa5e1ni7e1eojtml","","gym_equipment","","","","","","","","0","gym_equipment ללא category | 0 שיטות — פריט מת","",""
"סקוואט כנגד מכונה","eiatxyri7hourn2unwyu","","gym_equipment","","","","","","","","0","gym_equipment ללא category | 0 שיטות — פריט מת","",""
"אופני ידיים","fh7iytfvix0fbxebplto","","gym_equipment","","","","","","","","0","gym_equipment ללא category | 0 שיטות — פריט מת","",""
"סטפר","hcdybtvwsxa3rmd4viit","","gym_equipment","","","","","","","","0","gym_equipment ללא category | 0 שיטות — פריט מת","",""
"קירוב ברכיים לחזה","hmcsyeiyn4cvtqtxzvjt","","gym_equipment","","","","","","","","0","gym_equipment ללא category | 0 שיטות — פריט מת","",""
"דחיקת רגליים","i3hw9ddqhvvfc4cjxv1c","","gym_equipment","","","","","","","","0","gym_equipment ללא category | 0 שיטות — פריט מת","",""
"חבל קפיצה","jump_rope","accessories","gear_definitions","","","","","","","","0","0 שיטות — פריט מת","",""
"לחיצת חזה בישיבה","jwyjeu5lgxnwzpc9fsrm","","gym_equipment","","","","","","","","0","gym_equipment ללא category | 0 שיטות — פריט מת","",""
"קטלבל","kettlebell","weights","gear_definitions + gym_equipment","","","","","","","","0","0 שיטות — פריט מת","",""
"כפיפת מרפקים - במכונה","kvjcqu6oj78pm4zm5afn","","gym_equipment","","","","","","","","0","gym_equipment ללא category | 0 שיטות — פריט מת","",""
"פולי עליון","maws21t1a3zetfpem8rt","","gym_equipment","","","","","","","","0","gym_equipment ללא category | 0 שיטות — פריט מת","",""
"פשיטת ברך בישיבה","mqaztn31swskgh2xjkv5","","gym_equipment","","","","","","","","0","gym_equipment ללא category | 0 שיטות — פריט מת","",""
"צעידה באוויר","ntgwwntszc9x3pxuuhtj","","gym_equipment","","","","","","","","0","gym_equipment ללא category | 0 שיטות — פריט מת","",""
"פרפר","orsbmgjuv72w0cgqldot","","gym_equipment","","","","","","","","0","gym_equipment ללא category | 0 שיטות — פריט מת","",""
"פרפר פשיטה","p55ra05ucveyiulz1ug5","","gym_equipment","","","","","","","","0","gym_equipment ללא category | 0 שיטות — פריט מת","",""
"סיבוב אגן במכונה","pg2oqbhtoqknaleinbrk","","gym_equipment","","","","","","","","0","gym_equipment ללא category | 0 שיטות — פריט מת","",""
"חתירה במכונה בישיבה","puosx0v6r7ohyzxhayjy","","gym_equipment","","","","","","","","0","gym_equipment ללא category | 0 שיטות — פריט מת","",""
"קיק בוקס","q0ko4neyqpmuiig7devf","","gym_equipment","","","","","","","","0","gym_equipment ללא category | 0 שיטות — פריט מת","",""
"לחיצת כתפיים","qf1wt03f8xmpc9oqz0ns","","gym_equipment","","","","","","","","0","gym_equipment ללא category | 0 שיטות — פריט מת","",""
"פשיטת מרפקים בישיבה - במכונה","qfp3ifowwpsoov6blpgf","","gym_equipment","","","","","","","","0","gym_equipment ללא category | 0 שיטות — פריט מת","",""
"לחיצת כתפיים בישיבה - במכונה","rs0emdr6yrxlhlnnhyf9","","gym_equipment","","","","","","","","0","gym_equipment ללא category | 0 שיטות — פריט מת","",""
"פרפר במכונה","sxulohgek02ndhjh7emx","","gym_equipment","","","","","","","","0","gym_equipment ללא category | 0 שיטות — פריט מת","",""
"שולחן","table","improvised","gear_definitions","","","","","","","","0","improvised אך חסר מ-ASSUMED_HOME_GEAR | 0 שיטות — פריט מת","",""
"","towel","","לא","כן","","","","","","","0","ASSUMED_HOME_GEAR ללא מסמך","",""
"חתירות ויד אחורית","tr6yxbye63lurlqatnkb","","gym_equipment","","","","","","","","0","gym_equipment ללא category | 0 שיטות — פריט מת","",""
"אופני ספינינג","vfuynolmjtv7jlli70rb","","gym_equipment","","","","","","","","0","gym_equipment ללא category | 0 שיטות — פריט מת","",""
"הרקולס דחיפה/משיכה","vynpuis2neeyzv8hvkat","","gym_equipment","","","","","","","","0","gym_equipment ללא category | 0 שיטות — פריט מת","",""
"","wall","","לא","כן","","","","","","","0","ASSUMED_HOME_GEAR ללא מסמך","",""
"חגורת משקל","weight_belt","weights","gear_definitions","","","","","","","","0","0 שיטות — פריט מת","",""
"מתקן משיכה עילי - משקולות","wvfyhz3kqmatpc5vsmtq","","gym_equipment","","","","","","","","0","gym_equipment ללא category | 0 שיטות — פריט מת","",""
"פשיטת ברך במכונה","xam0akawtzccxtbkqaim","","gym_equipment","","","","","","","","0","gym_equipment ללא category | 0 שיטות — פריט מת","",""
"לחיצת חזה בישיבה - במכונה","xn5lq1metoc9shom3lmt","","gym_equipment","","","","","","","","0","gym_equipment ללא category | 0 שיטות — פריט מת","",""
"בוסו","ypzxlhamkjk8bs4h6db5","","gym_equipment","","","","","","","","0","gym_equipment ללא category | 0 שיטות — פריט מת","",""