id,name,movementGroup,locations,isFollowAlong,reasons,missing
"24acSdN3XiV2NZ7UnSkZ","מתיחת המסתרינג בשכיבה","","park;home","false","NO_LEVEL;NO_ROLE_OR_TAG","targetPrograms/programIds (no level);exerciseRole (and no mobility/flexibility/hiit_friendly tag)"
"34LJ5pJYnk5GPr77xlG9","חימום סיבובי מפרקים","","park;home","false","NO_LEVEL;NO_ROLE_OR_TAG","targetPrograms/programIds (no level);exerciseRole (and no mobility/flexibility/hiit_friendly tag)"
"4Sjv6yU3LOD6vmaDfz43","מתיחת ישיבה בפייק","","park;home","false","NO_LEVEL;NO_ROLE_OR_TAG","targetPrograms/programIds (no level);exerciseRole (and no mobility/flexibility/hiit_friendly tag)"
"4wCedrBoFjPePiymHoYP","חימום סיבובי ירך","","park;home","false","NO_LEVEL;NO_ROLE_OR_TAG","targetPrograms/programIds (no level);exerciseRole (and no mobility/flexibility/hiit_friendly tag)"
"7spjueGo4OFPIrHHu3Jl","מתיחת דוגמנית","","park;home","false","NO_LEVEL;NO_ROLE_OR_TAG","targetPrograms/programIds (no level);exerciseRole (and no mobility/flexibility/hiit_friendly tag)"
"8WN9CquCscUXK5SvNiIn","חימום רוטציות לצדדים עמוד השדרה","","park;home","false","NO_LEVEL;NO_ROLE_OR_TAG","targetPrograms/programIds (no level);exerciseRole (and no mobility/flexibility/hiit_friendly tag)"
"CQtZDiAEvfNB8khudfsG","פשיטת מרפקים יד מאחורי הראש בהתנגדות גומיה","","park;home","false","NO_LEVEL;NO_ROLE_OR_TAG","targetPrograms/programIds (no level);exerciseRole (and no mobility/flexibility/hiit_friendly tag)"
"CYEuO2uRt1QBCr5e2khC","כפיפת ברך כנגד גומייה","","park;home;office;street","false","NO_ROLE_OR_TAG","exerciseRole (and no mobility/flexibility/hiit_friendly tag)"
"DCnxDF0lbfzXLloH8gYp","הרחקת כתף שמאל","","park;home","false","NO_LEVEL;NO_ROLE_OR_TAG","targetPrograms/programIds (no level);exerciseRole (and no mobility/flexibility/hiit_friendly tag)"
"GBj2NlbFzc3eD8TLZzwQ","סיסי לאנג׳","squat","home;street;office;park","false","NO_ROLE_OR_TAG","exerciseRole (and no mobility/flexibility/hiit_friendly tag)"
"GEnSPwxEqIK6HTakuXOI","מתיחות יד אחורית","","park;home","false","NO_LEVEL;NO_ROLE_OR_TAG","targetPrograms/programIds (no level);exerciseRole (and no mobility/flexibility/hiit_friendly tag)"
"J6KQxmkJHwVqVGgnKhVm","מתיחות שורש כף יד","","park;home","false","NO_LEVEL;NO_ROLE_OR_TAG","targetPrograms/programIds (no level);exerciseRole (and no mobility/flexibility/hiit_friendly tag)"
"JBfizf0KaVURhTYjXZac","חימום כפיפות צידיות","","park;home","false","NO_LEVEL;NO_ROLE_OR_TAG","targetPrograms/programIds (no level);exerciseRole (and no mobility/flexibility/hiit_friendly tag)"
"LKNAvIpuj9EtO3wUzFeV","נורדיק אחורי בעזרת גומייה","squat","home;park;office","false","NO_ROLE_OR_TAG","exerciseRole (and no mobility/flexibility/hiit_friendly tag)"
"LitmztKbOSD9MvQwBDsE","כפיפת כתף בהתנגדות גומיה","","park;home;service","false","NO_LEVEL;NO_ROLE_OR_TAG","targetPrograms/programIds (no level);exerciseRole (and no mobility/flexibility/hiit_friendly tag)"
"LvRPIsxlZMgYRNBFxFaM","מתיחת כתף","","park;home","false","NO_LEVEL;NO_ROLE_OR_TAG","targetPrograms/programIds (no level);exerciseRole (and no mobility/flexibility/hiit_friendly tag)"
"MkVq2PbvCCAM77AEEjtN","מתיחת קרסול ושוקיים","","park;home","false","NO_LEVEL;NO_ROLE_OR_TAG","targetPrograms/programIds (no level);exerciseRole (and no mobility/flexibility/hiit_friendly tag)"
"RAbscOoGqbAN8CbGEYhe","חימום הנפות","","park;home","false","NO_LEVEL;NO_ROLE_OR_TAG","targetPrograms/programIds (no level);exerciseRole (and no mobility/flexibility/hiit_friendly tag)"
"TZMFGuNweuAnTLIjyhkx","לחיצת כתפיים בהתנגות גומייה","","park;home","false","NO_LEVEL;NO_ROLE_OR_TAG","targetPrograms/programIds (no level);exerciseRole (and no mobility/flexibility/hiit_friendly tag)"
"USsalIBvXkxyITk7bRR1","פלאנק רחוק","core","park","false","NO_ROLE_OR_TAG","exerciseRole (and no mobility/flexibility/hiit_friendly tag)"
"UdAmrvtDL0nBYnj8UMe1","חימום סיבובי ידיים","","park;home","false","NO_LEVEL;NO_ROLE_OR_TAG","targetPrograms/programIds (no level);exerciseRole (and no mobility/flexibility/hiit_friendly tag)"
"UmPbE7WydxjOSw5UlDIT","כפיפת מרפקים בהתנגדות גומיה","","park;home;service","false","NO_LEVEL;NO_ROLE_OR_TAG","targetPrograms/programIds (no level);exerciseRole (and no mobility/flexibility/hiit_friendly tag)"
"Vr2htqrpnuBObpjzzzyj","לחיצת חזה בשכיבה בהתנגדות גומיה","","park;home","false","NO_LEVEL;NO_ROLE_OR_TAG","targetPrograms/programIds (no level);exerciseRole (and no mobility/flexibility/hiit_friendly tag)"
"WkXqEGdoSpq8KeC6EGAn","חימום כפיפות לפנים","","park;home","false","NO_LEVEL;NO_ROLE_OR_TAG","targetPrograms/programIds (no level);exerciseRole (and no mobility/flexibility/hiit_friendly tag)"
"XWL3TUAVmN0Dmp2btFgN","ישיבת L בתמיכת הרגליים","core","park;home;street;office","false","NO_ROLE_OR_TAG","exerciseRole (and no mobility/flexibility/hiit_friendly tag)"
"ZWx6yKLawdjSrImWUQoL","מתיחת כלב מביט מבט","","park;home","false","NO_LEVEL;NO_ROLE_OR_TAG","targetPrograms/programIds (no level);exerciseRole (and no mobility/flexibility/hiit_friendly tag)"
"ZmVz1kaBwhYqPPAqnkax","מתיחת חתול פרה","","park;home","false","NO_LEVEL;NO_ROLE_OR_TAG","targetPrograms/programIds (no level);exerciseRole (and no mobility/flexibility/hiit_friendly tag)"
"ZovShNVtJBRPgdwsngxr","חתירות בעמידה בהתנגדות גומיה","","park;home","false","NO_LEVEL;NO_ROLE_OR_TAG","targetPrograms/programIds (no level);exerciseRole (and no mobility/flexibility/hiit_friendly tag)"
"dK6Rcu8r93CeaBNOL0EU","מתיחת פרפר","","park;home","false","NO_LEVEL;NO_ROLE_OR_TAG","targetPrograms/programIds (no level);exerciseRole (and no mobility/flexibility/hiit_friendly tag)"
"eHCiPK74PTW3b7CdrhaZ","חימום סיבובי ברכיים","","park;home","false","NO_LEVEL;NO_ROLE_OR_TAG","targetPrograms/programIds (no level);exerciseRole (and no mobility/flexibility/hiit_friendly tag)"
"eHjbkb9XIK2txbwgYWH4","חימום סיבובי קרסול","","park;home","false","NO_LEVEL;NO_ROLE_OR_TAG","targetPrograms/programIds (no level);exerciseRole (and no mobility/flexibility/hiit_friendly tag)"
"g5M36kx6sXaRr8MMWLJj","מתיחת ירך קדמית","","park;home","false","NO_LEVEL;NO_ROLE_OR_TAG","targetPrograms/programIds (no level);exerciseRole (and no mobility/flexibility/hiit_friendly tag)"
"gGlZXMEjhAXTxxmO3hTN","שכיבות סמיכה בהתנגדות גומיה","","park;home","false","NO_LEVEL;NO_ROLE_OR_TAG","targetPrograms/programIds (no level);exerciseRole (and no mobility/flexibility/hiit_friendly tag)"
"gWHaGzObmixb1vr66l5I","מתיחת מתפלל","","park;home","false","NO_LEVEL;NO_ROLE_OR_TAG","targetPrograms/programIds (no level);exerciseRole (and no mobility/flexibility/hiit_friendly tag)"
"hB253EVZ8ksjQyve6TOu","שחיין חזה","","park;home","false","NO_LEVEL;NO_ROLE_OR_TAG","targetPrograms/programIds (no level);exerciseRole (and no mobility/flexibility/hiit_friendly tag)"
"hECufw1PU0a0lcUEadY9","עמידת כלב רגל ויד נגדית","","park;home","false","NO_LEVEL;NO_ROLE_OR_TAG","targetPrograms/programIds (no level);exerciseRole (and no mobility/flexibility/hiit_friendly tag)"
"kx37r35Yh4EkMNO8y6r8","מתיחת ראש לצדדים","","park;home","false","NO_LEVEL;NO_ROLE_OR_TAG","targetPrograms/programIds (no level);exerciseRole (and no mobility/flexibility/hiit_friendly tag)"
"niIBVtXV75LjFsWNJp0k","פשיטת מרפקים בהתנגדות גומיה","","park;home","false","NO_LEVEL;NO_ROLE_OR_TAG","targetPrograms/programIds (no level);exerciseRole (and no mobility/flexibility/hiit_friendly tag)"
"nrPxCJYZtHAyRF6Iywry","סקוואט+לחיצת כפתיים בהתנגדות גומיה","","park;home","false","NO_LEVEL;NO_ROLE_OR_TAG","targetPrograms/programIds (no level);exerciseRole (and no mobility/flexibility/hiit_friendly tag)"
"oGqeJNojQ3UNv73n6mBp","חימום סיבובי אגן","","park;home","false","NO_LEVEL;NO_ROLE_OR_TAG","targetPrograms/programIds (no level);exerciseRole (and no mobility/flexibility/hiit_friendly tag)"
"qHy5Te1jSPSi5jA3W9d6","qHy5Te1jSPSi5jA3W9d6","","","false","NO_LEVEL;NO_ROLE_OR_TAG;NO_EXECUTION_METHODS","targetPrograms/programIds (no level);exerciseRole (and no mobility/flexibility/hiit_friendly tag);execution_methods"
"s0NCgFV5Lqapbe5ceJwy","סיבוב חיצוני של הכתף","","park;home","false","NO_LEVEL;NO_ROLE_OR_TAG","targetPrograms/programIds (no level);exerciseRole (and no mobility/flexibility/hiit_friendly tag)"
"sgjfCmExjbU1CTmSxoMu","סקוואט וכפיפת ברך לחזה","","park;home","false","NO_LEVEL;NO_ROLE_OR_TAG","targetPrograms/programIds (no level);exerciseRole (and no mobility/flexibility/hiit_friendly tag)"
"sgrEdIolfxaRCgz8Oqyp","עותק של פיסטול סקוואט שלילי שמאל","","park;home","false","NO_LEVEL;NO_ROLE_OR_TAG","targetPrograms/programIds (no level);exerciseRole (and no mobility/flexibility/hiit_friendly tag)"
"utqS1uxJEWc2CrkW9ONb","דרגון סקוואט","squat","home;park;street;office","false","NO_ROLE_OR_TAG","exerciseRole (and no mobility/flexibility/hiit_friendly tag)"
"uujJWUGNVRx0G2GEr9S3","הרחקת כתף ימין","","park;home;service","false","NO_LEVEL;NO_ROLE_OR_TAG","targetPrograms/programIds (no level);exerciseRole (and no mobility/flexibility/hiit_friendly tag)"
"vUt6DeXfFk9zvRO5IQza","פולי עליון על הריצפה עם מגבת","","park;home","false","NO_LEVEL;NO_ROLE_OR_TAG","targetPrograms/programIds (no level);exerciseRole (and no mobility/flexibility/hiit_friendly tag)"
"x7nwPNg3YbxnFLvvLLp2","חימום פשיטה וכפיפת עמוד השדרה","","park;home","false","NO_LEVEL;NO_ROLE_OR_TAG","targetPrograms/programIds (no level);exerciseRole (and no mobility/flexibility/hiit_friendly tag)"
"xeo8dpAwk2pNe0IuokLk","שכיבות סמיכה על טבעות 75","","park;home","false","NO_LEVEL;NO_ROLE_OR_TAG","targetPrograms/programIds (no level);exerciseRole (and no mobility/flexibility/hiit_friendly tag)"