programId,level,location,exercise_count,count_within_tolerance_3,flag
core,1,airport,1,11,OK
core,1,gym,1,11,OK
core,1,home,1,11,OK
core,1,office,1,11,OK
core,1,park,1,11,OK
core,1,service,1,11,OK
core,1,street,1,11,OK
core,2,airport,2,15,OK
core,2,gym,2,15,OK
core,2,home,2,15,OK
core,2,office,2,15,OK
core,2,park,2,15,OK
core,2,service,2,15,OK
core,2,street,2,15,OK
core,3,airport,3,18,OK
core,3,gym,3,18,OK
core,3,home,3,18,OK
core,3,office,3,18,OK
core,3,park,3,18,OK
core,3,service,3,18,OK
core,3,street,3,18,OK
core,4,airport,5,22,OK
core,4,gym,5,22,OK
core,4,home,5,22,OK
core,4,office,5,22,OK
core,4,park,5,20,OK
core,4,service,5,22,OK
core,4,street,5,22,OK
core,5,airport,4,26,OK
core,5,gym,4,26,OK
core,5,home,4,26,OK
core,5,office,4,26,OK
core,5,park,4,24,OK
core,5,service,4,26,OK
core,5,street,4,26,OK
core,6,airport,3,25,OK
core,6,gym,3,25,OK
core,6,home,3,25,OK
core,6,office,3,25,OK
core,6,park,3,23,OK
core,6,service,3,25,OK
core,6,street,3,25,OK
core,7,airport,4,25,OK
core,7,gym,4,25,OK
core,7,home,4,25,OK
core,7,office,4,25,OK
core,7,park,2,22,OK
core,7,service,4,25,OK
core,7,street,4,25,OK
core,8,airport,5,21,OK
core,8,gym,5,21,OK
core,8,home,5,21,OK
core,8,office,5,21,OK
core,8,park,5,18,OK
core,8,service,5,21,OK
core,8,street,5,21,OK
core,9,airport,1,19,OK
core,9,gym,1,19,OK
core,9,home,1,19,OK
core,9,office,1,19,OK
core,9,park,1,15,OK
core,9,service,1,19,OK
core,9,street,1,19,OK
core,10,airport,3,16,OK
core,10,gym,3,16,OK
core,10,home,3,16,OK
core,10,office,3,16,OK
core,10,park,2,12,OK
core,10,service,3,16,OK
core,10,street,3,16,OK
core,11,airport,1,15,OK
core,11,gym,1,15,OK
core,11,home,1,15,OK
core,11,office,1,15,OK
core,11,park,1,13,OK
core,11,service,1,15,OK
core,11,street,1,15,OK
core,12,airport,2,11,OK
core,12,gym,2,11,OK
core,12,home,2,11,OK
core,12,office,2,11,OK
core,12,park,1,9,OK
core,12,service,2,11,OK
core,12,street,2,11,OK
core,13,airport,0,10,OK
core,13,gym,0,10,OK
core,13,home,0,10,OK
core,13,office,0,10,OK
core,13,park,0,9,OK
core,13,service,0,10,OK
core,13,street,0,10,OK
core,14,airport,3,7,OK
core,14,gym,3,7,OK
core,14,home,3,7,OK
core,14,office,3,7,OK
core,14,park,3,7,OK
core,14,service,3,7,OK
core,14,street,3,7,OK
core,15,airport,1,7,OK
core,15,gym,1,7,OK
core,15,home,1,7,OK
core,15,office,1,7,OK
core,15,park,1,7,OK
core,15,service,1,7,OK
core,15,street,1,7,OK
core,16,airport,0,5,THIN
core,16,gym,0,5,THIN
core,16,home,0,5,THIN
core,16,office,0,5,THIN
core,16,park,1,6,OK
core,16,service,0,5,THIN
core,16,street,0,5,THIN
core,17,airport,0,5,THIN
core,17,gym,0,5,THIN
core,17,home,0,5,THIN
core,17,office,0,5,THIN
core,17,park,0,6,OK
core,17,service,0,5,THIN
core,17,street,0,5,THIN
core,18,airport,1,2,CLIFF
core,18,gym,1,2,CLIFF
core,18,home,1,2,CLIFF
core,18,office,1,2,CLIFF
core,18,park,1,3,CLIFF
core,18,service,1,2,CLIFF
core,18,street,1,2,CLIFF
front_lever,1,airport,3,12,OK
front_lever,1,gym,3,12,OK
front_lever,1,home,3,12,OK
front_lever,1,office,3,12,OK
front_lever,1,park,3,11,OK
front_lever,1,service,3,12,OK
front_lever,1,street,3,12,OK
front_lever,2,airport,2,15,OK
front_lever,2,gym,2,15,OK
front_lever,2,home,2,15,OK
front_lever,2,office,2,15,OK
front_lever,2,park,2,14,OK
front_lever,2,service,2,15,OK
front_lever,2,street,2,15,OK
front_lever,3,airport,4,18,OK
front_lever,3,gym,4,18,OK
front_lever,3,home,4,18,OK
front_lever,3,office,4,18,OK
front_lever,3,park,4,16,OK
front_lever,3,service,4,18,OK
front_lever,3,street,4,18,OK
front_lever,4,airport,3,25,OK
front_lever,4,gym,3,25,OK
front_lever,4,home,3,25,OK
front_lever,4,office,3,25,OK
front_lever,4,park,2,23,OK
front_lever,4,service,3,25,OK
front_lever,4,street,3,25,OK
front_lever,5,airport,3,27,OK
front_lever,5,gym,3,27,OK
front_lever,5,home,3,27,OK
front_lever,5,office,3,27,OK
front_lever,5,park,3,23,OK
front_lever,5,service,3,27,OK
front_lever,5,street,3,27,OK
front_lever,6,airport,3,28,OK
front_lever,6,gym,3,28,OK
front_lever,6,home,3,28,OK
front_lever,6,office,3,28,OK
front_lever,6,park,2,23,OK
front_lever,6,service,3,28,OK
front_lever,6,street,3,28,OK
front_lever,7,airport,7,26,OK
front_lever,7,gym,7,26,OK
front_lever,7,home,7,26,OK
front_lever,7,office,7,26,OK
front_lever,7,park,7,19,OK
front_lever,7,service,7,26,OK
front_lever,7,street,7,26,OK
front_lever,8,airport,5,25,OK
front_lever,8,gym,5,25,OK
front_lever,8,home,5,25,OK
front_lever,8,office,5,25,OK
front_lever,8,park,3,19,OK
front_lever,8,service,5,25,OK
front_lever,8,street,5,25,OK
front_lever,9,airport,3,24,OK
front_lever,9,gym,3,24,OK
front_lever,9,home,3,24,OK
front_lever,9,office,3,24,OK
front_lever,9,park,2,18,OK
front_lever,9,service,3,24,OK
front_lever,9,street,3,24,OK
front_lever,10,airport,2,24,OK
front_lever,10,gym,2,24,OK
front_lever,10,home,2,24,OK
front_lever,10,office,2,24,OK
front_lever,10,park,0,19,OK
front_lever,10,service,2,24,OK
front_lever,10,street,2,24,OK
front_lever,11,airport,2,17,OK
front_lever,11,gym,2,17,OK
front_lever,11,home,2,17,OK
front_lever,11,office,2,17,OK
front_lever,11,park,2,12,OK
front_lever,11,service,2,17,OK
front_lever,11,street,2,17,OK
front_lever,12,airport,2,12,OK
front_lever,12,gym,2,12,OK
front_lever,12,home,2,12,OK
front_lever,12,office,2,12,OK
front_lever,12,park,2,9,OK
front_lever,12,service,2,12,OK
front_lever,12,street,2,12,OK
front_lever,13,airport,3,9,OK
front_lever,13,gym,3,9,OK
front_lever,13,home,3,9,OK
front_lever,13,office,3,9,OK
front_lever,13,park,3,7,OK
front_lever,13,service,3,9,OK
front_lever,13,street,3,9,OK
full_body,1,airport,15,21,OK
full_body,1,gym,15,21,OK
full_body,1,home,15,21,OK
full_body,1,office,15,21,OK
full_body,1,park,14,19,OK
full_body,1,service,15,21,OK
full_body,1,street,15,21,OK
full_body,2,airport,6,21,OK
full_body,2,gym,6,21,OK
full_body,2,home,6,21,OK
full_body,2,office,6,21,OK
full_body,2,park,5,19,OK
full_body,2,service,6,21,OK
full_body,2,street,6,21,OK
handstand,1,airport,0,0,CLIFF
handstand,1,gym,0,0,CLIFF
handstand,1,home,0,0,CLIFF
handstand,1,office,0,0,CLIFF
handstand,1,park,0,0,CLIFF
handstand,1,service,0,0,CLIFF
handstand,1,street,0,0,CLIFF
handstand,2,airport,0,2,CLIFF
handstand,2,gym,0,2,CLIFF
handstand,2,home,0,2,CLIFF
handstand,2,office,0,2,CLIFF
handstand,2,park,0,2,CLIFF
handstand,2,service,0,2,CLIFF
handstand,2,street,0,2,CLIFF
handstand,3,airport,0,3,CLIFF
handstand,3,gym,0,3,CLIFF
handstand,3,home,0,3,CLIFF
handstand,3,office,0,3,CLIFF
handstand,3,park,0,3,CLIFF
handstand,3,service,0,3,CLIFF
handstand,3,street,0,3,CLIFF
handstand,4,airport,0,3,CLIFF
handstand,4,gym,0,3,CLIFF
handstand,4,home,0,3,CLIFF
handstand,4,office,0,3,CLIFF
handstand,4,park,0,3,CLIFF
handstand,4,service,0,3,CLIFF
handstand,4,street,0,3,CLIFF
handstand,5,airport,2,3,CLIFF
handstand,5,gym,2,3,CLIFF
handstand,5,home,2,3,CLIFF
handstand,5,office,2,3,CLIFF
handstand,5,park,2,3,CLIFF
handstand,5,service,2,3,CLIFF
handstand,5,street,2,3,CLIFF
handstand,6,airport,1,3,CLIFF
handstand,6,gym,1,3,CLIFF
handstand,6,home,1,3,CLIFF
handstand,6,office,1,3,CLIFF
handstand,6,park,1,3,CLIFF
handstand,6,service,1,3,CLIFF
handstand,6,street,1,3,CLIFF
handstand,7,airport,0,4,THIN
handstand,7,gym,0,4,THIN
handstand,7,home,0,4,THIN
handstand,7,office,0,4,THIN
handstand,7,park,0,4,THIN
handstand,7,service,0,4,THIN
handstand,7,street,0,4,THIN
handstand,8,airport,0,4,THIN
handstand,8,gym,0,4,THIN
handstand,8,home,0,4,THIN
handstand,8,office,0,4,THIN
handstand,8,park,0,4,THIN
handstand,8,service,0,4,THIN
handstand,8,street,0,4,THIN
handstand,9,airport,0,2,CLIFF
handstand,9,gym,0,2,CLIFF
handstand,9,home,0,2,CLIFF
handstand,9,office,0,2,CLIFF
handstand,9,park,0,2,CLIFF
handstand,9,service,0,2,CLIFF
handstand,9,street,0,2,CLIFF
handstand,10,airport,1,1,CLIFF
handstand,10,gym,1,1,CLIFF
handstand,10,home,1,1,CLIFF
handstand,10,office,1,1,CLIFF
handstand,10,park,1,1,CLIFF
handstand,10,service,1,1,CLIFF
handstand,10,street,1,1,CLIFF
handstand_pushup,1,airport,0,2,CLIFF
handstand_pushup,1,gym,0,2,CLIFF
handstand_pushup,1,home,0,2,CLIFF
handstand_pushup,1,office,0,2,CLIFF
handstand_pushup,1,park,0,1,CLIFF
handstand_pushup,1,service,0,2,CLIFF
handstand_pushup,1,street,0,2,CLIFF
handstand_pushup,2,airport,0,3,CLIFF
handstand_pushup,2,gym,0,3,CLIFF
handstand_pushup,2,home,0,3,CLIFF
handstand_pushup,2,office,0,3,CLIFF
handstand_pushup,2,park,0,2,CLIFF
handstand_pushup,2,service,0,3,CLIFF
handstand_pushup,2,street,0,3,CLIFF
handstand_pushup,3,airport,1,4,THIN
handstand_pushup,3,gym,1,4,THIN
handstand_pushup,3,home,1,4,THIN
handstand_pushup,3,office,1,4,THIN
handstand_pushup,3,park,1,3,CLIFF
handstand_pushup,3,service,1,4,THIN
handstand_pushup,3,street,1,4,THIN
handstand_pushup,4,airport,1,5,THIN
handstand_pushup,4,gym,1,5,THIN
handstand_pushup,4,home,1,5,THIN
handstand_pushup,4,office,1,5,THIN
handstand_pushup,4,park,0,3,CLIFF
handstand_pushup,4,service,1,5,THIN
handstand_pushup,4,street,1,5,THIN
handstand_pushup,5,airport,1,6,OK
handstand_pushup,5,gym,1,6,OK
handstand_pushup,5,home,1,6,OK
handstand_pushup,5,office,1,6,OK
handstand_pushup,5,park,1,4,THIN
handstand_pushup,5,service,1,6,OK
handstand_pushup,5,street,1,6,OK
handstand_pushup,6,airport,1,6,OK
handstand_pushup,6,gym,1,6,OK
handstand_pushup,6,home,1,6,OK
handstand_pushup,6,office,1,6,OK
handstand_pushup,6,park,1,4,THIN
handstand_pushup,6,service,1,6,OK
handstand_pushup,6,street,1,6,OK
handstand_pushup,7,airport,1,6,OK
handstand_pushup,7,gym,1,6,OK
handstand_pushup,7,home,1,6,OK
handstand_pushup,7,office,1,6,OK
handstand_pushup,7,park,0,4,THIN
handstand_pushup,7,service,1,6,OK
handstand_pushup,7,street,1,6,OK
handstand_pushup,8,airport,1,6,OK
handstand_pushup,8,gym,1,6,OK
handstand_pushup,8,home,1,6,OK
handstand_pushup,8,office,1,6,OK
handstand_pushup,8,park,1,5,THIN
handstand_pushup,8,service,1,6,OK
handstand_pushup,8,street,1,6,OK
handstand_pushup,9,airport,0,5,THIN
handstand_pushup,9,gym,0,5,THIN
handstand_pushup,9,home,0,5,THIN
handstand_pushup,9,office,0,5,THIN
handstand_pushup,9,park,0,4,THIN
handstand_pushup,9,service,0,5,THIN
handstand_pushup,9,street,0,5,THIN
handstand_pushup,10,airport,1,4,THIN
handstand_pushup,10,gym,1,4,THIN
handstand_pushup,10,home,1,4,THIN
handstand_pushup,10,office,1,4,THIN
handstand_pushup,10,park,1,3,CLIFF
handstand_pushup,10,service,1,4,THIN
handstand_pushup,10,street,1,4,THIN
handstand_pushup,11,airport,1,3,CLIFF
handstand_pushup,11,gym,1,3,CLIFF
handstand_pushup,11,home,1,3,CLIFF
handstand_pushup,11,office,1,3,CLIFF
handstand_pushup,11,park,1,3,CLIFF
handstand_pushup,11,service,1,3,CLIFF
handstand_pushup,11,street,1,3,CLIFF
human_flag,1,airport,0,2,CLIFF
human_flag,1,gym,1,3,CLIFF
human_flag,1,home,0,2,CLIFF
human_flag,1,office,0,2,CLIFF
human_flag,1,park,1,2,CLIFF
human_flag,1,service,0,2,CLIFF
human_flag,1,street,0,2,CLIFF
human_flag,2,airport,1,2,CLIFF
human_flag,2,gym,1,3,CLIFF
human_flag,2,home,1,2,CLIFF
human_flag,2,office,1,2,CLIFF
human_flag,2,park,0,2,CLIFF
human_flag,2,service,1,2,CLIFF
human_flag,2,street,1,2,CLIFF
human_flag,3,airport,1,2,CLIFF
human_flag,3,gym,1,3,CLIFF
human_flag,3,home,1,2,CLIFF
human_flag,3,office,1,2,CLIFF
human_flag,3,park,1,2,CLIFF
human_flag,3,service,1,2,CLIFF
human_flag,3,street,1,2,CLIFF
human_flag,4,airport,0,2,CLIFF
human_flag,4,gym,0,4,THIN
human_flag,4,home,0,2,CLIFF
human_flag,4,office,0,2,CLIFF
human_flag,4,park,0,3,CLIFF
human_flag,4,service,0,2,CLIFF
human_flag,4,street,0,2,CLIFF
human_flag,5,airport,0,2,CLIFF
human_flag,5,gym,0,3,CLIFF
human_flag,5,home,0,2,CLIFF
human_flag,5,office,0,2,CLIFF
human_flag,5,park,0,2,CLIFF
human_flag,5,service,0,2,CLIFF
human_flag,5,street,0,2,CLIFF
human_flag,6,airport,0,1,CLIFF
human_flag,6,gym,0,5,THIN
human_flag,6,home,0,1,CLIFF
human_flag,6,office,0,1,CLIFF
human_flag,6,park,0,4,THIN
human_flag,6,service,0,1,CLIFF
human_flag,6,street,0,1,CLIFF
human_flag,7,airport,0,0,CLIFF
human_flag,7,gym,1,5,THIN
human_flag,7,home,0,0,CLIFF
human_flag,7,office,0,0,CLIFF
human_flag,7,park,1,4,THIN
human_flag,7,service,0,0,CLIFF
human_flag,7,street,0,0,CLIFF
human_flag,8,airport,0,0,CLIFF
human_flag,8,gym,0,5,THIN
human_flag,8,home,0,0,CLIFF
human_flag,8,office,0,0,CLIFF
human_flag,8,park,0,4,THIN
human_flag,8,service,0,0,CLIFF
human_flag,8,street,0,0,CLIFF
human_flag,9,airport,0,0,CLIFF
human_flag,9,gym,3,5,THIN
human_flag,9,home,0,0,CLIFF
human_flag,9,office,0,0,CLIFF
human_flag,9,park,2,4,THIN
human_flag,9,service,0,0,CLIFF
human_flag,9,street,0,0,CLIFF
human_flag,10,airport,0,0,CLIFF
human_flag,10,gym,1,5,THIN
human_flag,10,home,0,0,CLIFF
human_flag,10,office,0,0,CLIFF
human_flag,10,park,1,4,THIN
human_flag,10,service,0,0,CLIFF
human_flag,10,street,0,0,CLIFF
legs,1,airport,10,27,OK
legs,1,gym,10,27,OK
legs,1,home,10,27,OK
legs,1,office,10,27,OK
legs,1,park,8,21,OK
legs,1,service,10,27,OK
legs,1,street,10,27,OK
legs,2,airport,3,39,OK
legs,2,gym,3,39,OK
legs,2,home,3,39,OK
legs,2,office,3,39,OK
legs,2,park,2,28,OK
legs,2,service,3,39,OK
legs,2,street,3,39,OK
legs,3,airport,6,49,OK
legs,3,gym,6,49,OK
legs,3,home,6,49,OK
legs,3,office,6,49,OK
legs,3,park,5,37,OK
legs,3,service,6,49,OK
legs,3,street,6,49,OK
legs,4,airport,8,59,OK
legs,4,gym,8,59,OK
legs,4,home,8,59,OK
legs,4,office,8,59,OK
legs,4,park,6,43,OK
legs,4,service,8,59,OK
legs,4,street,8,59,OK
legs,5,airport,12,55,OK
legs,5,gym,12,55,OK
legs,5,home,12,55,OK
legs,5,office,12,55,OK
legs,5,park,7,39,OK
legs,5,service,12,55,OK
legs,5,street,12,55,OK
legs,6,airport,10,56,OK
legs,6,gym,10,56,OK
legs,6,home,10,56,OK
legs,6,office,10,56,OK
legs,6,park,9,40,OK
legs,6,service,10,56,OK
legs,6,street,10,56,OK
legs,7,airport,10,57,OK
legs,7,gym,10,57,OK
legs,7,home,10,57,OK
legs,7,office,10,57,OK
legs,7,park,6,40,OK
legs,7,service,10,57,OK
legs,7,street,10,57,OK
legs,8,airport,6,50,OK
legs,8,gym,6,50,OK
legs,8,home,6,50,OK
legs,8,office,6,50,OK
legs,8,park,4,35,OK
legs,8,service,6,50,OK
legs,8,street,6,50,OK
legs,9,airport,4,40,OK
legs,9,gym,4,40,OK
legs,9,home,4,40,OK
legs,9,office,4,40,OK
legs,9,park,3,30,OK
legs,9,service,4,40,OK
legs,9,street,4,40,OK
legs,10,airport,7,31,OK
legs,10,gym,7,31,OK
legs,10,home,7,31,OK
legs,10,office,7,31,OK
legs,10,park,5,22,OK
legs,10,service,7,31,OK
legs,10,street,7,31,OK
legs,11,airport,1,21,OK
legs,11,gym,1,21,OK
legs,11,home,1,21,OK
legs,11,office,1,21,OK
legs,11,park,1,16,OK
legs,11,service,1,21,OK
legs,11,street,1,21,OK
legs,12,airport,2,15,OK
legs,12,gym,2,15,OK
legs,12,home,2,15,OK
legs,12,office,2,15,OK
legs,12,park,2,12,OK
legs,12,service,2,15,OK
legs,12,street,2,15,OK
legs,13,airport,1,11,OK
legs,13,gym,1,11,OK
legs,13,home,1,11,OK
legs,13,office,1,11,OK
legs,13,park,1,9,OK
legs,13,service,1,11,OK
legs,13,street,1,11,OK
muscle_up,1,airport,2,4,THIN
muscle_up,1,gym,2,4,THIN
muscle_up,1,home,2,4,THIN
muscle_up,1,office,2,4,THIN
muscle_up,1,park,2,4,THIN
muscle_up,1,service,2,4,THIN
muscle_up,1,street,2,4,THIN
muscle_up,2,airport,2,4,THIN
muscle_up,2,gym,2,4,THIN
muscle_up,2,home,2,4,THIN
muscle_up,2,office,2,4,THIN
muscle_up,2,park,2,4,THIN
muscle_up,2,service,2,4,THIN
muscle_up,2,street,2,4,THIN
muscle_up,3,airport,0,5,THIN
muscle_up,3,gym,0,5,THIN
muscle_up,3,home,0,5,THIN
muscle_up,3,office,0,5,THIN
muscle_up,3,park,0,5,THIN
muscle_up,3,service,0,5,THIN
muscle_up,3,street,0,5,THIN
muscle_up,4,airport,0,7,OK
muscle_up,4,gym,0,7,OK
muscle_up,4,home,0,7,OK
muscle_up,4,office,0,7,OK
muscle_up,4,park,0,8,OK
muscle_up,4,service,0,7,OK
muscle_up,4,street,0,7,OK
muscle_up,5,airport,0,7,OK
muscle_up,5,gym,0,7,OK
muscle_up,5,home,0,7,OK
muscle_up,5,office,0,7,OK
muscle_up,5,park,0,7,OK
muscle_up,5,service,0,7,OK
muscle_up,5,street,0,7,OK
muscle_up,6,airport,1,7,OK
muscle_up,6,gym,1,7,OK
muscle_up,6,home,1,7,OK
muscle_up,6,office,1,7,OK
muscle_up,6,park,1,7,OK
muscle_up,6,service,1,7,OK
muscle_up,6,street,1,7,OK
muscle_up,7,airport,2,8,OK
muscle_up,7,gym,2,8,OK
muscle_up,7,home,2,8,OK
muscle_up,7,office,2,8,OK
muscle_up,7,park,3,8,OK
muscle_up,7,service,2,8,OK
muscle_up,7,street,2,8,OK
muscle_up,8,airport,2,8,OK
muscle_up,8,gym,2,8,OK
muscle_up,8,home,2,8,OK
muscle_up,8,office,2,8,OK
muscle_up,8,park,1,8,OK
muscle_up,8,service,2,8,OK
muscle_up,8,street,2,8,OK
muscle_up,9,airport,2,8,OK
muscle_up,9,gym,2,8,OK
muscle_up,9,home,2,8,OK
muscle_up,9,office,2,8,OK
muscle_up,9,park,2,8,OK
muscle_up,9,service,2,8,OK
muscle_up,9,street,2,8,OK
muscle_up,10,airport,1,7,OK
muscle_up,10,gym,1,7,OK
muscle_up,10,home,1,7,OK
muscle_up,10,office,1,7,OK
muscle_up,10,park,1,7,OK
muscle_up,10,service,1,7,OK
muscle_up,10,street,1,7,OK
one_arm_pullup,1,airport,2,12,OK
one_arm_pullup,1,gym,2,12,OK
one_arm_pullup,1,home,2,12,OK
one_arm_pullup,1,office,2,12,OK
one_arm_pullup,1,park,2,11,OK
one_arm_pullup,1,service,2,12,OK
one_arm_pullup,1,street,2,12,OK
one_arm_pullup,2,airport,2,13,OK
one_arm_pullup,2,gym,2,13,OK
one_arm_pullup,2,home,2,13,OK
one_arm_pullup,2,office,2,13,OK
one_arm_pullup,2,park,2,12,OK
one_arm_pullup,2,service,2,13,OK
one_arm_pullup,2,street,2,13,OK
one_arm_pullup,3,airport,5,16,OK
one_arm_pullup,3,gym,5,16,OK
one_arm_pullup,3,home,5,16,OK
one_arm_pullup,3,office,5,16,OK
one_arm_pullup,3,park,5,15,OK
one_arm_pullup,3,service,5,16,OK
one_arm_pullup,3,street,5,16,OK
one_arm_pullup,4,airport,3,21,OK
one_arm_pullup,4,gym,3,21,OK
one_arm_pullup,4,home,3,21,OK
one_arm_pullup,4,office,3,21,OK
one_arm_pullup,4,park,2,20,OK
one_arm_pullup,4,service,3,21,OK
one_arm_pullup,4,street,3,21,OK
one_arm_pullup,5,airport,1,20,OK
one_arm_pullup,5,gym,1,20,OK
one_arm_pullup,5,home,1,20,OK
one_arm_pullup,5,office,1,20,OK
one_arm_pullup,5,park,1,19,OK
one_arm_pullup,5,service,1,20,OK
one_arm_pullup,5,street,1,20,OK
one_arm_pullup,6,airport,3,20,OK
one_arm_pullup,6,gym,3,20,OK
one_arm_pullup,6,home,3,20,OK
one_arm_pullup,6,office,3,20,OK
one_arm_pullup,6,park,3,19,OK
one_arm_pullup,6,service,3,20,OK
one_arm_pullup,6,street,3,20,OK
one_arm_pullup,7,airport,5,17,OK
one_arm_pullup,7,gym,5,17,OK
one_arm_pullup,7,home,5,17,OK
one_arm_pullup,7,office,5,17,OK
one_arm_pullup,7,park,5,16,OK
one_arm_pullup,7,service,5,17,OK
one_arm_pullup,7,street,5,17,OK
one_arm_pullup,8,airport,1,14,OK
one_arm_pullup,8,gym,1,14,OK
one_arm_pullup,8,home,1,14,OK
one_arm_pullup,8,office,1,14,OK
one_arm_pullup,8,park,1,14,OK
one_arm_pullup,8,service,1,14,OK
one_arm_pullup,8,street,1,14,OK
one_arm_pullup,9,airport,2,13,OK
one_arm_pullup,9,gym,2,13,OK
one_arm_pullup,9,home,2,13,OK
one_arm_pullup,9,office,2,13,OK
one_arm_pullup,9,park,2,13,OK
one_arm_pullup,9,service,2,13,OK
one_arm_pullup,9,street,2,13,OK
one_arm_pullup,10,airport,2,10,OK
one_arm_pullup,10,gym,2,10,OK
one_arm_pullup,10,home,2,10,OK
one_arm_pullup,10,office,2,10,OK
one_arm_pullup,10,park,2,10,OK
one_arm_pullup,10,service,2,10,OK
one_arm_pullup,10,street,2,10,OK
planche,1,airport,9,15,OK
planche,1,gym,9,15,OK
planche,1,home,9,15,OK
planche,1,office,9,15,OK
planche,1,park,8,11,OK
planche,1,service,9,15,OK
planche,1,street,9,15,OK
planche,2,airport,1,18,OK
planche,2,gym,1,18,OK
planche,2,home,1,18,OK
planche,2,office,1,18,OK
planche,2,park,1,14,OK
planche,2,service,1,18,OK
planche,2,street,1,18,OK
planche,3,airport,2,21,OK
planche,3,gym,2,21,OK
planche,3,home,2,21,OK
planche,3,office,2,21,OK
planche,3,park,1,16,OK
planche,3,service,2,21,OK
planche,3,street,2,21,OK
planche,4,airport,3,24,OK
planche,4,gym,3,24,OK
planche,4,home,3,24,OK
planche,4,office,3,24,OK
planche,4,park,1,18,OK
planche,4,service,3,24,OK
planche,4,street,3,24,OK
planche,5,airport,3,17,OK
planche,5,gym,3,17,OK
planche,5,home,3,17,OK
planche,5,office,3,17,OK
planche,5,park,3,11,OK
planche,5,service,3,17,OK
planche,5,street,3,17,OK
planche,6,airport,3,18,OK
planche,6,gym,3,18,OK
planche,6,home,3,18,OK
planche,6,office,3,18,OK
planche,6,park,2,11,OK
planche,6,service,3,18,OK
planche,6,street,3,18,OK
planche,7,airport,3,17,OK
planche,7,gym,3,17,OK
planche,7,home,3,17,OK
planche,7,office,3,17,OK
planche,7,park,2,11,OK
planche,7,service,3,17,OK
planche,7,street,3,17,OK
planche,8,airport,2,16,OK
planche,8,gym,2,16,OK
planche,8,home,2,16,OK
planche,8,office,2,16,OK
planche,8,park,1,11,OK
planche,8,service,2,16,OK
planche,8,street,2,16,OK
planche,9,airport,2,13,OK
planche,9,gym,2,13,OK
planche,9,home,2,13,OK
planche,9,office,2,13,OK
planche,9,park,1,8,OK
planche,9,service,2,13,OK
planche,9,street,2,13,OK
planche,10,airport,1,10,OK
planche,10,gym,1,10,OK
planche,10,home,1,10,OK
planche,10,office,1,10,OK
planche,10,park,1,6,OK
planche,10,service,1,10,OK
planche,10,street,1,10,OK
planche,11,airport,2,7,OK
planche,11,gym,2,7,OK
planche,11,home,2,7,OK
planche,11,office,2,7,OK
planche,11,park,1,4,THIN
planche,11,service,2,7,OK
planche,11,street,2,7,OK
pull,1,airport,3,8,OK
pull,1,gym,3,8,OK
pull,1,home,3,8,OK
pull,1,office,3,8,OK
pull,1,park,4,10,OK
pull,1,service,3,8,OK
pull,1,street,3,8,OK
pull,2,airport,2,14,OK
pull,2,gym,2,14,OK
pull,2,home,2,14,OK
pull,2,office,2,14,OK
pull,2,park,2,17,OK
pull,2,service,2,14,OK
pull,2,street,2,14,OK
pull,3,airport,2,17,OK
pull,3,gym,2,17,OK
pull,3,home,2,17,OK
pull,3,office,2,17,OK
pull,3,park,3,19,OK
pull,3,service,2,17,OK
pull,3,street,2,17,OK
pull,4,airport,1,20,OK
pull,4,gym,1,20,OK
pull,4,home,1,20,OK
pull,4,office,1,20,OK
pull,4,park,1,21,OK
pull,4,service,1,20,OK
pull,4,street,1,20,OK
pull,5,airport,6,19,OK
pull,5,gym,6,19,OK
pull,5,home,6,19,OK
pull,5,office,6,19,OK
pull,5,park,7,19,OK
pull,5,service,6,19,OK
pull,5,street,6,19,OK
pull,6,airport,3,19,OK
pull,6,gym,3,19,OK
pull,6,home,3,19,OK
pull,6,office,3,19,OK
pull,6,park,2,18,OK
pull,6,service,3,19,OK
pull,6,street,3,19,OK
pull,7,airport,3,22,OK
pull,7,gym,3,22,OK
pull,7,home,3,22,OK
pull,7,office,3,22,OK
pull,7,park,2,20,OK
pull,7,service,3,22,OK
pull,7,street,3,22,OK
pull,8,airport,2,24,OK
pull,8,gym,2,24,OK
pull,8,home,2,24,OK
pull,8,office,2,24,OK
pull,8,park,2,22,OK
pull,8,service,2,24,OK
pull,8,street,2,24,OK
pull,9,airport,2,26,OK
pull,9,gym,2,27,OK
pull,9,home,2,26,OK
pull,9,office,2,26,OK
pull,9,park,1,24,OK
pull,9,service,2,26,OK
pull,9,street,2,26,OK
pull,10,airport,5,32,OK
pull,10,gym,5,33,OK
pull,10,home,5,32,OK
pull,10,office,5,32,OK
pull,10,park,5,29,OK
pull,10,service,5,32,OK
pull,10,street,5,32,OK
pull,11,airport,3,34,OK
pull,11,gym,3,35,OK
pull,11,home,3,34,OK
pull,11,office,3,34,OK
pull,11,park,3,32,OK
pull,11,service,3,34,OK
pull,11,street,3,34,OK
pull,12,airport,8,39,OK
pull,12,gym,9,40,OK
pull,12,home,8,39,OK
pull,12,office,8,39,OK
pull,12,park,9,36,OK
pull,12,service,8,39,OK
pull,12,street,8,39,OK
pull,13,airport,9,45,OK
pull,13,gym,9,47,OK
pull,13,home,9,45,OK
pull,13,office,9,45,OK
pull,13,park,7,45,OK
pull,13,service,9,45,OK
pull,13,street,9,45,OK
pull,14,airport,5,48,OK
pull,14,gym,5,50,OK
pull,14,home,5,48,OK
pull,14,office,5,48,OK
pull,14,park,5,45,OK
pull,14,service,5,48,OK
pull,14,street,5,48,OK
pull,15,airport,7,52,OK
pull,15,gym,7,55,OK
pull,15,home,7,52,OK
pull,15,office,7,52,OK
pull,15,park,6,49,OK
pull,15,service,7,52,OK
pull,15,street,7,52,OK
pull,16,airport,8,50,OK
pull,16,gym,9,53,OK
pull,16,home,8,50,OK
pull,16,office,8,50,OK
pull,16,park,10,44,OK
pull,16,service,8,50,OK
pull,16,street,8,50,OK
pull,17,airport,8,44,OK
pull,17,gym,8,48,OK
pull,17,home,8,44,OK
pull,17,office,8,44,OK
pull,17,park,5,41,OK
pull,17,service,8,44,OK
pull,17,street,8,44,OK
pull,18,airport,7,41,OK
pull,18,gym,8,46,OK
pull,18,home,7,41,OK
pull,18,office,7,41,OK
pull,18,park,7,39,OK
pull,18,service,7,41,OK
pull,18,street,7,41,OK
pull,19,airport,6,35,OK
pull,19,gym,7,40,OK
pull,19,home,6,35,OK
pull,19,office,6,35,OK
pull,19,park,4,34,OK
pull,19,service,6,35,OK
pull,19,street,6,35,OK
pull,20,airport,3,27,OK
pull,20,gym,4,31,OK
pull,20,home,3,27,OK
pull,20,office,3,27,OK
pull,20,park,4,24,OK
pull,20,service,3,27,OK
pull,20,street,3,27,OK
pull,21,airport,2,19,OK
pull,21,gym,3,23,OK
pull,21,home,2,19,OK
pull,21,office,2,19,OK
pull,21,park,3,19,OK
pull,21,service,2,19,OK
pull,21,street,2,19,OK
pull,22,airport,1,12,OK
pull,22,gym,1,15,OK
pull,22,home,1,12,OK
pull,22,office,1,12,OK
pull,22,park,1,12,OK
pull,22,service,1,12,OK
pull,22,street,1,12,OK
push,1,airport,5,18,OK
push,1,gym,5,18,OK
push,1,home,5,18,OK
push,1,office,5,18,OK
push,1,park,5,18,OK
push,1,service,5,18,OK
push,1,street,5,18,OK
push,2,airport,2,24,OK
push,2,gym,2,24,OK
push,2,home,2,24,OK
push,2,office,2,24,OK
push,2,park,2,21,OK
push,2,service,2,24,OK
push,2,street,2,24,OK
push,3,airport,5,26,OK
push,3,gym,5,26,OK
push,3,home,5,26,OK
push,3,office,5,26,OK
push,3,park,5,22,OK
push,3,service,5,26,OK
push,3,street,5,26,OK
push,4,airport,6,35,OK
push,4,gym,6,35,OK
push,4,home,6,35,OK
push,4,office,6,35,OK
push,4,park,6,28,OK
push,4,service,6,35,OK
push,4,street,6,35,OK
push,5,airport,6,35,OK
push,5,gym,6,35,OK
push,5,home,6,35,OK
push,5,office,6,35,OK
push,5,park,3,28,OK
push,5,service,6,35,OK
push,5,street,6,35,OK
push,6,airport,2,34,OK
push,6,gym,2,34,OK
push,6,home,2,34,OK
push,6,office,2,34,OK
push,6,park,1,26,OK
push,6,service,2,34,OK
push,6,street,2,34,OK
push,7,airport,9,40,OK
push,7,gym,9,40,OK
push,7,home,9,40,OK
push,7,office,9,40,OK
push,7,park,6,31,OK
push,7,service,9,40,OK
push,7,street,9,40,OK
push,8,airport,5,35,OK
push,8,gym,5,35,OK
push,8,home,5,35,OK
push,8,office,5,35,OK
push,8,park,5,26,OK
push,8,service,5,35,OK
push,8,street,5,35,OK
push,9,airport,1,32,OK
push,9,gym,1,33,OK
push,9,home,1,32,OK
push,9,office,1,32,OK
push,9,park,0,26,OK
push,9,service,1,32,OK
push,9,street,1,32,OK
push,10,airport,11,37,OK
push,10,gym,11,38,OK
push,10,home,11,37,OK
push,10,office,11,37,OK
push,10,park,10,29,OK
push,10,service,11,37,OK
push,10,street,11,37,OK
push,11,airport,1,36,OK
push,11,gym,1,37,OK
push,11,home,1,36,OK
push,11,office,1,36,OK
push,11,park,1,31,OK
push,11,service,1,36,OK
push,11,street,1,36,OK
push,12,airport,3,37,OK
push,12,gym,4,38,OK
push,12,home,3,37,OK
push,12,office,3,37,OK
push,12,park,3,30,OK
push,12,service,3,37,OK
push,12,street,3,37,OK
push,13,airport,7,40,OK
push,13,gym,7,42,OK
push,13,home,7,40,OK
push,13,office,7,40,OK
push,13,park,4,33,OK
push,13,service,7,40,OK
push,13,street,7,40,OK
push,14,airport,8,32,OK
push,14,gym,8,34,OK
push,14,home,8,32,OK
push,14,office,8,32,OK
push,14,park,8,25,OK
push,14,service,8,32,OK
push,14,street,8,32,OK
push,15,airport,6,33,OK
push,15,gym,6,36,OK
push,15,home,6,33,OK
push,15,office,6,33,OK
push,15,park,4,26,OK
push,15,service,6,33,OK
push,15,street,6,33,OK
push,16,airport,4,33,OK
push,16,gym,5,36,OK
push,16,home,4,33,OK
push,16,office,4,33,OK
push,16,park,3,26,OK
push,16,service,4,33,OK
push,16,street,4,33,OK
push,17,airport,3,30,OK
push,17,gym,3,34,OK
push,17,home,3,30,OK
push,17,office,3,30,OK
push,17,park,2,26,OK
push,17,service,3,30,OK
push,17,street,3,30,OK
push,18,airport,2,22,OK
push,18,gym,3,27,OK
push,18,home,2,22,OK
push,18,office,2,22,OK
push,18,park,2,19,OK
push,18,service,2,22,OK
push,18,street,2,22,OK
push,19,airport,3,16,OK
push,19,gym,4,21,OK
push,19,home,3,16,OK
push,19,office,3,16,OK
push,19,park,3,15,OK
push,19,service,3,16,OK
push,19,street,3,16,OK
push,20,airport,4,12,OK
push,20,gym,5,16,OK
push,20,home,4,12,OK
push,20,office,4,12,OK
push,20,park,4,12,OK
push,20,service,4,12,OK
push,20,street,4,12,OK
push,21,airport,0,9,OK
push,21,gym,1,13,OK
push,21,home,0,9,OK
push,21,office,0,9,OK
push,21,park,1,10,OK
push,21,service,0,9,OK
push,21,street,0,9,OK
upper_body,1,airport,9,12,OK
upper_body,1,gym,9,12,OK
upper_body,1,home,9,12,OK
upper_body,1,office,9,12,OK
upper_body,1,park,9,12,OK
upper_body,1,service,9,12,OK
upper_body,1,street,9,12,OK
upper_body,2,airport,3,12,OK
upper_body,2,gym,3,12,OK
upper_body,2,home,3,12,OK
upper_body,2,office,3,12,OK
upper_body,2,park,3,12,OK
upper_body,2,service,3,12,OK
upper_body,2,street,3,12,OK
