new_id,new_name,old_id,old_name,match_type,confidence
5LGfy2EB72CeLhQDcnY6,דרגון פלאג בטאק,360,דרגון בטאק,fuzzy,0.8
A7E66cGMdurMPAH6eBar,דדליפט רומני,176,דדליפט רומני - בית,fuzzy,0.8
MV1xme0QqOIXMJ23DogV,החזקת תמיכה על טבעות עם עזרה,93,החזקה תמיכה על הטבעות עם הרגליים,fuzzy,0.8
yqOBxqITC8gc44CG5IXE,עמידת פייק גובה אגן,95,עמידת פייק - גובה שוק,fuzzy,0.8
pgF5rdC4szYH0xGDoZWj,פרונט לבר בטאק מתקדם עם גומייה,421,חתירות פרונט טאק מתקדם עם גומייה,fuzzy,0.806
XWL3TUAVmN0Dmp2btFgN,ישיבת L בתמיכת הרגליים,59,ישיבת L בעזרת תמיכה של הרגליים,fuzzy,0.808
UsdsWvP2QPERD0S0lJVI,מתח עם גומייה בינונית,61,מתח עם גומייה - התנגדות בינונית,fuzzy,0.808
tXXikNYiAIcK3yPgybF1,עליות רגליים בשכיבה,90,עליות 2 רגליים בישיבת L,fuzzy,0.81
IEoGYRVKRxjaA0fQZNDw,ישיבת L רגל אחת,131,ישיבת L - רגל אחת ישרה,fuzzy,0.811
kb1MB9It40iDOrR1aacW,לחיצה מישיבת L לפייק,156,לחיצה מ- L ל-פייק,fuzzy,0.811
lGZxrjALhrrGWxnwNOTW,ספר ברכיים כפופת,102,פרונט - ברכיים כפופות,fuzzy,0.811
ggzAxOz0vT3SOObT3Y7q,קופנהגן פלאנק,605,קופנהגן פלאנק - בית,fuzzy,0.813
uw9RwLsBYD9P1Hrw7jN7,החזקת פיסטול סקוואט,306,פיסטול סקוואט,fuzzy,0.813
nCze4KVY6zUMkzYISWf1,מתח עם החזקות,68,מתח שלילי עם החזקות,fuzzy,0.813
YMT1UiAdwFPKVjHpyMMz,החזקת שכיבת סמיכה ב-90° במרפק,86,החזקה בשכיבות סמיכה ב-90°,fuzzy,0.815
vdsST9Joc5fpZzCgpDbq,פרונט לבר בטאק,359,פרונט לבר מלא,fuzzy,0.815
awTUBO1WaFwllqE2XSwX,פרונט לבר יהלום עם גומייה,139,פרונט במנח יהלום בעזרת גומייה,fuzzy,0.815
ETMVVSpt0lIpeF3mkEn6,מתיחות פלג גוף עליון לבדיקה,85,מתיחות - פלג גוף עליון,fuzzy,0.816
515aM5b8UHyAova7I6Lv,קפיצה על רגל אחת גובה ברך,203,קפיצה על ספסל - גובה ברך,fuzzy,0.816
kdBsatNKmG0HIgxsJg9R,שרימפ סקוואט טווח חלקי,364,דרגון סקוואט טווח חלקי,fuzzy,0.818
4rDvdGHq9KAxewpBe4Mg,דרגון סקוואט מוגבה,368,דרגון סקוואט על הגבהה,fuzzy,0.821
0bUiqoNXseMCAR2IGuKu,שכיבות סמיכה סופינציה,116,שכיבות סמיכה בפייק,fuzzy,0.821
2Fl1kzroDz81c4gbuKlU,החזקת מתח ב-15°,26,החזקה על המתח ב-15°,fuzzy,0.824
SLYwYGa0S8N7XSzSsTkc,החזקת מתח ב-90°,28,החזקה על המתח ב-90°,fuzzy,0.824
J6KQxmkJHwVqVGgnKhVm,מתיחות שורש כף יד,138,שכמות ושורש כף יד,fuzzy,0.824
DyNJgiO3Y70xKMf48HER,פרונט לבר בפישוק עם גומייה,396,פרונט בפישוק בעזרת גומייה,fuzzy,0.824
Ao3amXO9YEBEOSE48RRi,ישיבת L ברכיים כפופות,126,ישיבה בL - ברכיים מכופפות,fuzzy,0.826
LxyBLJUs5ryW7fgrDPba,דרגון פלאג בפישוק,362,דרגון בפישוק,fuzzy,0.828
vVTTFbDP1LffViDAQfHn,כפיפת ירך על הגבהה,190,כפיפת ירך - רגל על הגבה,fuzzy,0.829
wKGGFlDiIZDukG4MVoHD,החזקת מתח ב-120°,41,החזקה על המתח ב-120°,fuzzy,0.833
PUIZw7xWhCCzSDK8LecV,סקוואט כנגד קיר,380,ישיבת סקוואט כנגד קיר,fuzzy,0.833
Nr5P0Q3N7A0DffKjMVRn,שרימפ סקוואט בלי ידיים טווח חלקי,588,שרימפ סקוואט בלי ידיים - בית,fuzzy,0.833
tnblRsRC1YpVT2n4lLXd,שכיבות סמיכה רצועות ב-45°,34,שכיבות סמיכה ב-45°,fuzzy,0.837
hvCIfyHrdXajHrZtEJ9m,היפ טראסט ארוך,383,היפ טראסט - מאורך,fuzzy,0.839
USVeZ8mvQNeaconZ9KuG,פרונט לבר יהלום,148,פרונט במנח יהלום,fuzzy,0.839
mMW69g4YfMnlNGuLQgne,הרמות רגליים בישיבת פייק/L,202,עליות רגליים בישיבת פייק,fuzzy,0.84
JA9KlPvSiSUaFY0jDF1S,חתירות באחיזה עמוקה,159,חתירות בתפיסה עמוקה,fuzzy,0.842
nSZYgU7RTLsOI8kaxpQj,מתח שכמות יד אחת עם תמיכה,436,מתח שכמות יד אחת עם תמיכת אצבעות,fuzzy,0.842
wjYoZK3nvf3volQSdkdD,סקוואט טווח חלקי,364,דרגון סקוואט טווח חלקי,fuzzy,0.842
UDep0WLPWfBf9wIhjQGw,פלאנץ׳ בטאק מתקדם ,450,לחיצת פלאנץ׳ בטאק מתקדם,fuzzy,0.842
5LhNqpOowBF268tFTDz7,פיסטול סקוואט שלילי שמאל,241,פיסטול סקוואט - שמואל,fuzzy,0.844
W61ECyiZmD9APomgxAfz,שכיבות סמיכה בעמידת ידיים חזה לקיר,460,שכיבות סמיכה בע״י חזה לקיר,fuzzy,0.847
YIjtB5lbLr0nxDqCdgpB,מתח אוסטרלי ב-15° מעלות,293,מתח אוסטרלי ב-15°,fuzzy,0.85
8Fn68O2jggNncaAgMoYG,מתח אוסטרלי ב-30° מעלות,292,מתח אוסטרלי ב-30°,fuzzy,0.85
yt4SZR62igNtPJqo1Tah,מתח אוסטרלי ב-60° מעלות,291,מתח אוסטרלי ב-60°,fuzzy,0.85
8vGnuoSH3MMkYKnxjg1P,סקוואט כנגד גומייה,304,סקוואט בהתנגדות גומייה,fuzzy,0.85
IZ97XR6J6vBuzFDjQH6r,שכיבות סמיכה טווח עליון,24,שכיבות סמיכה - חלק עליון,fuzzy,0.851
3gE45P8fG6iXVuZ48QGk,שכיבות סמיכה טווח תחתון,31,שכיבות סמיכה - חלק תחתון,fuzzy,0.851
6kRZiBHmQI34xaUcysBi,גוד מורנינג בישיבה,177,גוד מורנינג בישיבה - בית,fuzzy,0.857
iq5FQ7UX4utmSCVSpPec,גמישות קרסול לעמוד,196,גמישות קרסול - ברך לעמוד,fuzzy,0.857
ZvmddvrFV5NgwLAgrvec,פרונט לבר בפישוק,400,פרונט בפישוק,fuzzy,0.857
J7wQr1CCzBM3HGqZH2co,חתירות פרונט לבר בטאק מתקדם בעזרת גומייה,421,חתירות פרונט טאק מתקדם עם גומייה,fuzzy,0.861
oIOh1yoQtRmVb3zr3Kf9,עליית כוח בעזרת גומייה,137,עליית כוח על מתח בעזרת גומייה,fuzzy,0.863
t3J7gdxcnsVPVi3QGDmH,כפיפת נורדיק בעזרת גומייה,218,נורדיק בעזרת גומייה,fuzzy,0.864
i5JiWYzTrmtMbpwN207A,פיסטול סקוואט שלילי ימין,240,פיסטול סקוואט - ימין,fuzzy,0.864
UdcGfuqfagFg4g3pB1yt,שכיבות סמיכה קשתים בפישוק,35,שכיבות סמיכה בפישוק,fuzzy,0.864
qnSex7AN2TXhTiytUXX8,דרגון פלאג בטאק מתקדם,361,דרגון בטאק מתקדם,fuzzy,0.865
mDPDDIYx8JEqrwSamDqa,שכיבות סמיכה ספינקס,116,שכיבות סמיכה בפייק,fuzzy,0.865
5Sex2i0m3X7PE3SicCHk,שכיבות סמיכה שיפוע שלילי,97,שכיבות סמיכה -שיפוע שלילי ב-30°,fuzzy,0.873
48r36be7y2dvotG4YKCM,שכיבות סמיכה שלילי בעמידת ידיים חזה לקיר ,376,שכיבות סמיכה שלילי בע״י חזה לקיר,fuzzy,0.873
4ce7GeLA60a6zxtbDBW1,עליית כוח בעזרת תנופה,439,עליית כוח בעזרת תנופה/נדנוד,fuzzy,0.875
Bkb5i5YfYocKrQILfbY3,החזקת מקבילים ב-15°,53,החזקה על מקבילים ב-15°,fuzzy,0.878
bilfw71EhTkDTSv759sV,החזקת מקבילים ב-90°,43,החזקה על מקבילים ב-90°,fuzzy,0.878
LyrudhfINxmKc3BYWhFT,מתח יד אחת עם חולצה,346,מתח יד אחת בעזרת חולצה,fuzzy,0.878
DsKs15sWsVm33GaQI9Ty,דדליפט רומני בהתנגדות גומייה,194,דדליפט בהתנגדות גומייה,fuzzy,0.88
ihFQrvU8P7fQmr7OQWCC,מתח באחיזה מעורבת,435,מתח באחיזה משולבת,fuzzy,0.882
jPzXgBtka83RxOgOy8kQ,החזקת מקבילים ב-120°,37,החזקה על מקבילים ב-120°,fuzzy,0.884
HFdBVEtBQfpx4EYeLe7j,מתח יד אחת עם גומייה,437,מתח יד אחת בעזרת גומייה,fuzzy,0.884
Du2quNOcewafWMcpxGjq,סקוואט כנגד קיר רגל אחת,381,ישיבת סקוואט כנגד קיר רגל אחת,fuzzy,0.885
862hyZowOu16yxls8MWf,שכיבות סמיכה פייק עמוקות גובה אגן,140,שכיבות סמיכה פייק - גובה אגן,fuzzy,0.885
01HnnltgrzYyUMECUELx,דדליפט רגל אחת כנגד גומייה,303,דדליפט רגל אחת בהתנגדות גומייה,fuzzy,0.893
pJdp23bQz6WRrkiPz3H2,חתירות ב-15° עם ברכיים כפופות,46,חתירות ב-15° ברכיים מכופפות,fuzzy,0.893
48HQdvWfODiRsyd1WQOl,החזקת מתח יד אחת ב-15°,341,החזקה על מתח יד אחת ב-15°,fuzzy,0.894
WRY4OTLIfEYxdIWZ82hm,החזקת מתח יד אחת ב-90°,340,החזקה על מתח יד אחת ב-90°,fuzzy,0.894
H9ySMJX46OSm3TgpGn3l,הרמות פרונט לבר בטאק מתקדם,150,הרמות פרונט טאק מתקדם,fuzzy,0.894
VlXhoc85miQq4ETZbbmj,חתירות פרונט לבר בטאק,299,חתירות פרונט בטאק,fuzzy,0.895
WhivG5FdpScdWU0ZHR3x,החזקת מתח יד אחת ב-120°,342,החזקה על מתח יד אחת ב-120°,fuzzy,0.898
SVWvr2YKMtQN3SJiqWmY,החזקת מקבילים ב-15° עם גומייה,448,החזקה על מקבילים ב-15° עם גומיה,fuzzy,0.9
7ocGV3FbYbue9nXC8aXh,החזקת מקבילים ב-90° עם גומייה,447,החזקה על מקבילים ב-90° עם גומיה,fuzzy,0.9
rjZ61De9VjHeFUu44pwL,הרמות פרונט לבר בפישוק,399,הרמות פרונט בפישוק,fuzzy,0.9
4YCuuEsNVwUcxNxp3m9H,החזקת מקבילים ב-120° עם גומייה,446,החזקה על מקבילים ב-120° עם גומיה,fuzzy,0.903
0AoeD3sBQjqWvchrHPYp,שכיבות סמיכה ברכיים,45,שכיבות סמיכה על הברכיים,fuzzy,0.905
GXxEpd4yrxil9l6Ajtso,הרמות פרונט לבר רגל אחת,370,הרמות פרונט - רגל אחת,fuzzy,0.909
8xwrNMDXevR0MQiyQoZk,דרגון סקוואט בתמיכת יד,366,דרגון סקוואט עם תמיכת יד,fuzzy,0.913
kMBpyHBuiJN98EpoyOXK,לחיצת רגליים כנגד עמוד,382,לחיצת רגליים כנגד קיר/עמוד,fuzzy,0.917
tk7WiobxvhIGxqcpU2ab,מקבילים על טבעות בעזרת גומיה דקה,119,מקבילים על טבעות בעזרת גומייה,fuzzy,0.918
3zffAO0k2ZaHs0WkkQuT,פרונט לבר רגל אחת בעזרת גומייה,153,פרונט במנח רגל אחת בעזרת גומייה,fuzzy,0.918
uPBc9pfM6jOLg5LwuShN,סקוואט קפיצה,183,סקוואט - קפיצה,fuzzy,0.923
W69akLqaO2HD6y9ydzKe,פלאנץ׳ יהלום בעזרת גומייה דקה,161,פלאנץ יהלום בעזרת גומייה,fuzzy,0.923
RPGCJ5BXPpPG21sF3H4y,עמידת ידיים חזה לקיר ב-45°,114,עמידת ידיים עם החזה לקיר ב-45°,fuzzy,0.929
DnRgN3J7j5k6aTKX7lj3,תלייה פסיבית בתמיכת הרגליים,17,תלייה פאסיבית - תמיכת הרגליים,fuzzy,0.929
3O5BDlJVD34kjYm3Emo8,דדליפט רגל אחת,185,דדליפט - רגל אחת,fuzzy,0.933
Ed0LyBklkJrgH2r97mKA,מתח לא שוויוני עם טבעות,398,מתח לא שוויני על טבעות,fuzzy,0.933
NMpcI24LATvOiqgyvjKw,סיסי סקוואט בעזרת קיר,236,סיסי סקוואט - בעזרת בקיר,fuzzy,0.933
xeo8dpAwk2pNe0IuokLk,שכיבות סמיכה על טבעות 75,466,שכיבות סמיכה על טבעות,fuzzy,0.933
C8AORxqqLojlgKhEiekN,שרימפ סקוואט בתמיכת רגל,210,שרימפ סקוואט - תמיכת רגל,fuzzy,0.936
TXeGlGA7ECHGKQIhlcs7,היפ טראסט מוגבה,200,היפ טראסט - מוגבה,fuzzy,0.938
PBpgwYAqyAPwGd276lny,ישיבת L על הרצפה,412,ישיבת L - על הרצפה,fuzzy,0.941
wYsAsYROBOsZfwm0GcKX,שכיבות סמיכה רחבות,433,שכיבות סמיכה רחב,fuzzy,0.941
j7vOGJMwlJR4K7MaaF24,היפ טראסט רגל אחת,181,היפ טראסט - רגל אחת,fuzzy,0.944
8C5esYmeG9fZGyoDgzMu,מתח מתפרץ עם טבעות,395,מתח מתפרץ על טבעות,fuzzy,0.944
TKJ54G8YId6YVAJn3fTR,עליית כוח עם טבעות,397,עליית כוח על טבעות,fuzzy,0.944
BWbscvj0m3hvxghEMtKV,פלאנק עליות ונגיעות בכתפיים,74,פלאנק עליות + נגיעות בכתפיים,fuzzy,0.945
gZqAE68NQJnREu60C88S,שכיבות סמיכה מרפקים צמודים,71,שכיבות סמיכה עם מרפקים צמודים,fuzzy,0.945
ZJKCzG7wOjMdJUyI9Jhz,שכיבות סמיכה קשתים עם רצועות,338,שכיבות סמיכה קשתים - רצועות,fuzzy,0.945
kF3kYAMIEf2jyAHwS7qf,פשיטת מרפקים על ספסל,36,פשיטת מרפק על ספסל,fuzzy,0.947
HQdH6XZltGsDSkUBBdGH,סקוואט בעזרת רצועות,174,סקוואט - בעזרת רצועות,fuzzy,0.95
WQBYjQxJEc9Y6FWHigTH,עמידת פייק גובה ברך,99,עמידת פייק - גובה ברך,fuzzy,0.95
OaqZzXOBwfVmdJ99w3iC,עמידת פייק גובה שוק,95,עמידת פייק - גובה שוק,fuzzy,0.95
Ox23f2tVbvGoly8Syr3o,פיסטול סקוואט מוגבה,219,פיסטול סקוואט - מוגבה,fuzzy,0.95
ANvq7ORET7uhLRK4XP6X,הליכות קיר,112,הליכות לקיר,fuzzy,0.952
PVqGiE3xg76Dg0EXUsqZ,עמידת ידיים חזה לקיר,124,עמידת ידיים - חזה לקיר,fuzzy,0.952
DYbteakuCXCRkiFoGP8K,דרגון סקוואט ברך כפופה,365,דרגון סקוואט - ברך כפופה,fuzzy,0.957
hSungsi3vi6nm7rQLHlP,שרימפ סקוואט בלי ידיים,288,שרימפ סקוואט - בלי ידיים,fuzzy,0.957
sgmx86BRQqbUm0RpXBQM,היפ טראסט מוגבה רגל אחת,208,היפ טראסט - מוגבה רגל אחת,fuzzy,0.958
PUJaMMGpcFAeKfHaeJlm,מתח יד אחת בעזרת אצבעות,329,מתח יד אחת בעזרת 4 אצבעות,fuzzy,0.958
AgkrcnND86Xdn6O3x3A5,שרימפ סקוואט בעזרת עמוד,206,שרימפ סקוואט - בעזרת עמוד,fuzzy,0.958
76ME6NgB01ru8Rubxrwb,עליית כוח בקפיצה עם טבעות,393,עליית כוח בקפיצה על טבעות,fuzzy,0.96
Xk0WZ34nEX802B0FxkpA,תלייה פסיבית,23,תלייה פאסיבית,fuzzy,0.96
LKNAvIpuj9EtO3wUzFeV,נורדיק אחורי בעזרת גומייה,216,נורדיק אחורי - בעזרת גומייה,fuzzy,0.962
Y3A9AJWaJ6m2cVIoJS7T,בק לבר בפישוק,372,באק לבר בפישוק,fuzzy,0.963
SO7k5qh04cKEoZmWbjeW,שכיבות סמיכה פייק גובה אגן,140,שכיבות סמיכה פייק - גובה אגן,fuzzy,0.963
7G0s5hR2qyc6tSRZsplm,שכיבות סמיכה פייק גובה ברך,129,שכיבות סמיכה פייק - גובה ברך,fuzzy,0.963
wQ6ocm6HRKtQ7CFpZI6A,שכיבות סמיכה פייק גובה שוק,127,שכיבות סמיכה פייק - גובה שוק,fuzzy,0.963
2HozkIAOCD401ia4dSrH,שרימפ סקוואט עמוק בלי ידיים,242,שרימפ סקוואט עמוק - בלי ידיים,fuzzy,0.964
MwH75rBMKq65J9B86yUq,שכיבות סמיכה פייק,116,שכיבות סמיכה בפייק,fuzzy,0.971
PnlKBGNsM3XSPN7LG3OH,בננה סופרמן על המתח,133,בננה סופרמן על מתח,fuzzy,0.973
qHy5Te1jSPSi5jA3W9d6,qHy5Te1jSPSi5jA3W9d6,1,asd,none,0.087
uRelXXhk4iDsccOxuTsj,קראנץ,325,קראנץ ברכיים כפופות,none,0.417
Am5MHd1RothiK0lvlXAF,מתח מכונת כתיבה (Typewriter),500,מתח עם תמיכת כיסא,none,0.444
ZYssXGqyPrIgvV1vXJcn,חימום דנימי קפיצות כוכב,537,חימום מרפקים כל הגוף - בית,none,0.449
x7nwPNg3YbxnFLvvLLp2,חימום פשיטה וכפיפת עמוד השדרה,294,חתירות בכפיפה עם גומייה,none,0.462
3dIrpJQHp5QbimPVTZDk,חצי סמוך קום,403,חצי פרונט,none,0.476
8WN9CquCscUXK5SvNiIn,חימום רוטציות לצדדים עמוד השדרה,159,חתירות בתפיסה עמוקה,none,0.48
eHjbkb9XIK2txbwgYWH4,חימום סיבובי קרסול,321,כפיפות בטן עם סיבוב,none,0.486
uujJWUGNVRx0G2GEr9S3,הרחקת כתף ימין,98,הרמות L בתלייה,none,0.5
GSPTjOAgRueyZZPkryqe,חימום דינמי ריצה במקום,409,אימון שחרור דינמי לכל הגוף,none,0.5
WkXqEGdoSpq8KeC6EGAn,חימום כפיפות לפנים,10,משיכות לפנים עם טבעות,none,0.513
4wCedrBoFjPePiymHoYP,חימום סיבובי ירך,321,כפיפות בטן עם סיבוב,none,0.514
s0NCgFV5Lqapbe5ceJwy,סיבוב חיצוני של הכתף,467,סיבוב על המתח בטאק,none,0.526
hB253EVZ8ksjQyve6TOu,שחיין חזה,73,שולחן הפוך,none,0.526
34LJ5pJYnk5GPr77xlG9,חימום סיבובי מפרקים,81,סיבובי מפרקים - פלג גוף עליון,none,0.542
oGqeJNojQ3UNv73n6mBp,חימום סיבובי אגן,438,לחיצת L מהגבהה בגובה אגן,none,0.55
8zw8ZEGDv5pgAUHLXyRj,כפיפת נורדיק בירך,231,נורדיק אחורי,none,0.552
BLbgAyNJSZCc4YsoOxtP,החזקת הולו באדי,268,החזקת גוף חלול ב-135°,none,0.556
BNZ77eaNvZJnt9iwS57O,כפיפת נורדיק טווח חלקי,290,נורדיק מתחילים,none,0.556
hECufw1PU0a0lcUEadY9,עמידת כלב רגל ויד נגדית,62,עמידת פלאנק על טבעות,none,0.558
Ma6QH3kwbEZoIiME7r0K,ישיבת L,412,ישיבת L - על הרצפה,none,0.56
sgjfCmExjbU1CTmSxoMu,סקוואט וכפיפת ברך לחזה,365,דרגון סקוואט - ברך כפופה,none,0.565
BcsFnuiLx1fZY2SIVhoC,אופניים,323,מספריים,none,0.571
DCnxDF0lbfzXLloH8gYp,הרחקת כתף שמאל,274,החזקת גוף חלול,none,0.571
ydKO9Yw0MaV10p2bz003,הרמות תאומים טווח מלא,187,עליות תאומים על מדרגה,none,0.571
ZWx6yKLawdjSrImWUQoL,מתיחת כלב מביט מבט,465,מתח יד אחת על מוט,none,0.571
wDUc5pDs5ufm3B5a0MqY,כפיפות ברכיים בתלייה אלכסונים,473,שכיבות סמיכה פייק עם עלייה לע״י,none,0.576
RAbscOoGqbAN8CbGEYhe,חימום הנפות,281,ניתוקי בהונות,none,0.583
qhIpGmdbCe3uv5bKRPQK,מספריים אופקיים בשכיבה,314,הרמות ברכיים בשכיבה,none,0.585
JBfizf0KaVURhTYjXZac,חימום כפיפות צידיות,228,אימון ישבן צידי,none,0.588
DU3SwZWr6uy75WI7T4jB,עליות נגיעה בבהונות בשכיבה,74,פלאנק עליות + נגיעות בכתפיים,none,0.593
CVMlbYHJTiJKSPYkZ9Lk,רגליים למתח,143,עליית כוח על מתח,none,0.593
3sR44gVtDlzdot9Yq7MQ,גליל בטן אקצנטרי,418,דגל שלילי בטאק,none,0.6
i5IBSF7eXfN640A6isyM,החזקות מקבילים אקצנטרי,503,החזקת מקבילים על כסאות ב-90°,none,0.6
eHCiPK74PTW3b7CdrhaZ,חימום סיבובי ברכיים,315,הרמות וי ברכיים כפופת,none,0.6
24acSdN3XiV2NZ7UnSkZ,מתיחת המסתרינג בשכיבה,314,הרמות ברכיים בשכיבה,none,0.6
MkVq2PbvCCAM77AEEjtN,מתיחת קרסול ושוקיים,279,מתיחת קצבים,none,0.6
7mRRX85Hfx5sQ6oCl7YE,סקוואט בולגרי עם קפיצה על ספה,183,סקוואט - קפיצה,none,0.605
UdAmrvtDL0nBYnj8UMe1,חימום סיבובי ידיים,228,אימון ישבן צידי,none,0.606
G9WQ109opm7vPRrnYsHW,מתח סופינציה,269,תלייה פסיבית סופינציה,none,0.606
8YpK2KnydcB6Oz1zTMSh,פלאנק רגל ויד נגדית,264,פלאנק לעמידת פייק,none,0.611
CQtZDiAEvfNB8khudfsG,פשיטת מרפקים יד מאחורי הראש בהתנגדות גומיה,303,דדליפט רגל אחת בהתנגדות גומייה,none,0.611
s8Vik8xmESBfh6HTGmXx,מתח אקצנטרי עם תמיכה,612,מתח סטטי ב-90° עם תמיכה - בית,none,0.612
vUt6DeXfFk9zvRO5IQza,פולי עליון על הריצפה עם מגבת,480,פשיטת מרפקים על הרצפה - בית,none,0.618
NwwlEvJFz8anndYrMrhd,כפיפת נורדיק אקצנטרי,231,נורדיק אחורי,none,0.625
tWZ1PnXwUFZKOZFqvyp9,מטפס הרים,323,מספריים,none,0.625
ErRjOw4bfgMpMOGox75p,משיכות Y,70,חתירות Y,none,0.625
NnlKxJJlponyVAw5zqBK,נדנוד הכנה לעליית כוח,440,הכנה לעליית כוח נדנוד/תנופה,none,0.625
4Sjv6yU3LOD6vmaDfz43,מתיחת ישיבה בפייק,116,שכיבות סמיכה בפייק,none,0.629
f4ZbXHOaV5lRTC9JQPkk,סמוך קום עם שכיבת סמיכה,44,שכיבות סמיכה,none,0.629
4kww5BB13UkNaaAjZKS0,סמוך קום,191,סומו סקוואט,none,0.632
rec_cec2f81e-6e9b-4192-9831-79b193856b1b,סשן התאוששות #1,407,סשן התאוששות מוביליטי רגוע,none,0.634
rec_a8a535cb-d141-48a9-8993-f31d65c97fa0,סשן התאוששות #2,407,סשן התאוששות מוביליטי רגוע,none,0.634
rec_00695c88-f3cb-4dfd-897d-fbb59c062099,סשן התאוששות #3,407,סשן התאוששות מוביליטי רגוע,none,0.634
rec_b86593dc-ed19-4141-b916-097319437968,סשן התאוששות #4,407,סשן התאוששות מוביליטי רגוע,none,0.634
rec_feb437c9-b6db-4f1f-9545-09ae43ee5c3a,סשן התאוששות #5,407,סשן התאוששות מוביליטי רגוע,none,0.634
rec_8e2b416a-ea9c-4a0a-8256-988309ab64f9,סשן התאוששות #6,407,סשן התאוששות מוביליטי רגוע,none,0.634
rec_9545bbeb-1af7-4903-97a4-5b5b12465111,סשן התאוששות #7,407,סשן התאוששות מוביליטי רגוע,none,0.634
Ku0VMTQFlcAHLMGJ9i6W,סקין דה קאט אקצנטרי (סיבוב על הטבעות שלילי),108,סיבוב על טבעות שלילי,none,0.635
nNc7TeLC8LtaVQJeK4Tf,כפיפות ברכים בפלאנק על trx,258,נגיעות בכתפיים בפלאנק,none,0.638
VS3FjnFAgULO96XLMK72,דדליפט הפוך,155,דדליפט על המתח,none,0.64
SZqzS51lNqHDjgG0guxA,הרמות תאומים טווח מלא רגל אחת,370,הרמות פרונט - רגל אחת,none,0.64
ZmVz1kaBwhYqPPAqnkax,מתיחת חתול פרה,262,מתיחת מתפלל,none,0.64
wv8E2f5tcgx3A5nHaUbg,תלייה מספרים,23,תלייה פאסיבית,none,0.64
OKWZS86a0QZcsdVgtapI,כפיפת ברכיים כנגד טבעות,215,כפיפת ברך - בשכיבה בעזרת טבעות,none,0.642
Vr2htqrpnuBObpjzzzyj,לחיצת חזה בשכיבה בהתנגדות גומיה,194,דדליפט בהתנגדות גומייה,none,0.642
0XUsTtJ7pSclRqgJAqFJ,מקבילים אקצנטרי,60,מקבילים שלילי,none,0.643
oLzPZ7rQMdOUgGuVr1os,פשיטת ירך אחורית,574,פשיטת ירך על שולחן,none,0.647
6OPvBxXMTy0mHYNra4Wc,סיבובי רגליים בשכיבה,90,עליות 2 רגליים בישיבת L,none,0.651
26Sv7XtYoiHHVNC3ixSN,תלייה באחיזה עמוקה,386,תלייה על הטבעות בתפיסה עמוקה,none,0.652
VnLIyB2OtNdPO7Dgl0P6,סקין דה קאט בטאק (סיבוב על הטבעות בטאק),117,סיבוב על טבעות בטאק,none,0.655
Zmw7ImX37gFhnEcf4GLv,סקין דה קאט חצי גוף (סיבוב על הטבעות חצי גוף),401,סיבוב על טבעות חצי גוף,none,0.657
FSbQ2OfFSDzWxGOSRljt,דגל אקצנטרי בטאק,418,דגל שלילי בטאק,none,0.667
PMZewv23o1W4ZP01jo95,הרמות רגל אחת בישיבת L,90,עליות 2 רגליים בישיבת L,none,0.667
k10Af7WEV0qDqx8PY7xQ,חימום פלג גוף עליון לבדיקה,85,מתיחות - פלג גוף עליון,none,0.667
mIEhyPgMAxSryv46CZ2f,פלאנק גבוה טבעות,62,עמידת פלאנק על טבעות,none,0.667
eEqv5jF3JkNduEM9Qgp7,הליכת סרטן,112,הליכות לקיר,none,0.667
ZovShNVtJBRPgdwsngxr,חתירות בעמידה בהתנגדות גומיה,294,חתירות בכפיפה עם גומייה,none,0.667
OSXBFYoP1sWt4P05isJw,כפיפות בטן אלכוסונים,322,כפיפות בטן,none,0.667
sRdzCXh4FS0CChDzHEX2,כפיפת נורדיק,246,נורדיק,none,0.667
fIRs3qc4SPVBTrg6sUmC,מתח סופינציה מתפרץ,14,מתח מתפרץ,none,0.667
ZyLOv94JNxsC3urlqMMw,מתח עם גומייה דקה,502,מתח בעזרת גומייה - בית,none,0.667
7spjueGo4OFPIrHHu3Jl,מתיחת דוגמנית,262,מתיחת מתפלל,none,0.667
dK6Rcu8r93CeaBNOL0EU,מתיחת פרפר,262,מתיחת מתפלל,none,0.667
kx37r35Yh4EkMNO8y6r8,מתיחת ראש לצדדים,267,מתיחת גב צידית,none,0.667
nunGVGOEmOMnxiwh7jcu,סמוך קום מתחילים,290,נורדיק מתחילים,none,0.667
wwF4gZrprMN6mcfJWKT9,סקוואט קשתים מוגבה,219,פיסטול סקוואט - מוגבה,none,0.667
pEn9K4g6QMLfi80lkC6i,סקין דה קאט טאק מתקדם,387,סיבוב על טבעות טאק מתקדם,none,0.667
xAkMGXWV55BfE3oVS2K0,עליית מדרגה גובה קרסול,173,עליית מדרגה,none,0.667
k4GYQX6hRTZxlEzNBofN,פרונט לבר חצי גוף,359,פרונט לבר מלא,none,0.667
TlzqC2LIRj0pFLWDILMF,פרפר הפוך,332,פרפר הפוך - רצועות,none,0.667
gGlZXMEjhAXTxxmO3hTN,שכיבות סמיכה בהתנגדות גומיה,105,שכיבות סמיכה קשתים,none,0.667
iuwmGaZnuvhZ1mZFXJyt,גליל בטן עם תמיכת הברכיים,478,פלאנק עם תמיכת הברכיים - בית,none,0.679
fO2Sk5fpdHBYL239gXLE,כפיפת מרפקים במשקל גוף 30°,49,כפיפת מרפקים על טבעות ב-45°,none,0.679
XPaeNXfrRfNl9Ab7Lwy0,פיסטול סקוואט טווח חלקי (להגבהה),219,פיסטול סקוואט - מוגבה,none,0.679
50zThi9jcQWm6wbWDM4I,סקוואט טווח חלקי (להגבהה),364,דרגון סקוואט טווח חלקי,none,0.681
zOl1jxCkmI36QwSzMDKF,עליות מספרים בשכיבה,314,הרמות ברכיים בשכיבה,none,0.684
ovwmeDEgpucFfaVQGpR7,מספרים בשכיבה,314,הרמות ברכיים בשכיבה,none,0.688
5cdQOV3Kl5EpnyUt1JuG,כפיפות בטן חצי טווח,322,כפיפות בטן,none,0.69
g5M36kx6sXaRr8MMWLJj,מתיחת ירך קדמית,267,מתיחת גב צידית,none,0.69
IvNc2jSwqscdwDfcBlwc,היפ טראסט,200,היפ טראסט - מוגבה,none,0.692
UmPbE7WydxjOSw5UlDIT,כפיפת מרפקים בהתנגדות גומיה,194,דדליפט בהתנגדות גומייה,none,0.694
ngkItZpohyxbqrshlVpk,סקוואט קשתים,188,סקוואט עמוק,none,0.696
E03CQ89CeVwQlVkjxR0d,הישענות פסודו פלאנץ׳,337,שכיבות סמיכה פסודו פלאנץ׳,none,0.698
tqu4x2f4Zb8FUeokI0aL,החזקת מקבילים,64,מקבילים,none,0.7
1hY3tAPGhB41EGXkdGaT,הליכות היפ טראסט,606,החלקות היפ טראסט על מגבת,none,0.7
LvRPIsxlZMgYRNBFxFaM,מתיחת כתף,262,מתיחת מתפלל,none,0.7
a4wUp62pLvHMCSL7MjQM,עליית כוח אקצנטרי על מוט,143,עליית כוח על מתח,none,0.7
2rRyq5b7CLbJuOgm8ODa,בק לבר,373,באק לבר מלא,none,0.706
68xum7WRurKikYoKPrjB,מתח אקצנטרי,419,מתח צר,none,0.706
niIBVtXV75LjFsWNJp0k,פשיטת מרפקים בהתנגדות גומיה,295,פשיטת מרפקים למתקדמים,none,0.708
FYBDtK6zKGBjaxMNBjJN,משיכות פנים,66,משיכות פנים עם טבעות,none,0.71
bYVShoP3T506soTMWxHO,מתח שכמות קשתים,348,מתח שכמות יד אחת,none,0.71
HSYxn9dL4d9nUImW3Y7G,לחיצה מישיבת L לפלנאץ׳ בטאק,451,לחיצת פלאנץ׳ בטאק,none,0.714
wBv3BWfJD0S9sSUnI1Ay,עליות l בתלייה,98,הרמות L בתלייה,none,0.714
sgrEdIolfxaRCgz8Oqyp,עותק של פיסטול סקוואט שלילי שמאל,241,פיסטול סקוואט - שמואל,none,0.717
CFhoMTpjSMjXAlUG4xFw,מתח עם גומייה עבה,502,מתח בעזרת גומייה - בית,none,0.718
gzj8eefE4V0Ec4BlvTP2,מתח מתפרץ עם גומייה בינונית,61,מתח עם גומייה - התנגדות בינונית,none,0.724
bRUKaSg9p9Tl1rCzEiV4,עליות ברכיים כפופות בתלייה,118,פלאנץ ברכיים כפופות בעזרת גומייה,none,0.724
aSZkQwSZNbaZoPZtxn5q,בק לבר בטאק,373,באק לבר מלא,none,0.727
k0IkLkbf3b8YbUfD5lBR,בק לבר בטאק מתקדם,361,דרגון בטאק מתקדם,none,0.727
GhVf8ZD1uJR40zA9a7LF,מתח שכמות (תלייה אקטיבית פסיבית),32,תלייה אקטיבית / פאסיבית,none,0.727
g9078RNsKL3NmNYQK5Zx,סקוואט קשתים טווח חלקי,364,דרגון סקוואט טווח חלקי,none,0.727
VlAlIwnfXNgh9ALF7qIN,עליית מדרגה גובה אגן,438,לחיצת L מהגבהה בגובה אגן,none,0.727
o5zRmGuZsYNqMo2GWVLy,שרימפ סקוואט,221,שרימפ סקוואט - יד אחת,none,0.727
n8rmFjVAjKNEfvRt1QwS,הרמות פרונט לבר חצי גוף,399,הרמות פרונט בפישוק,none,0.732
zXXMkiGHRGQH66J09OYs,סקוואט סטטי כנגד קיר,380,ישיבת סקוואט כנגד קיר,none,0.732
s9wsh3t7hrr49oxJK6uI,פרונט לבר בטאק מתקדם,150,הרמות פרונט טאק מתקדם,none,0.732
WfIRO7kYSBP26ZgoByDX,פלאנץ׳ בטאק מתקדם בעזרת גומייה דקה,377,פלאנץ׳ בפישוק - בעזרת גומייה,none,0.733
rrqnDaeeVW1j1sdva2Wj,פרפר רצועות ב-45°,336,פרפר - רצועות,none,0.733
CYEuO2uRt1QBCr5e2khC,כפיפת ברך כנגד גומייה,193,כפיפת ברך - בשכיבה עם גומייה,none,0.735
TZMFGuNweuAnTLIjyhkx,לחיצת כתפיים בהתנגות גומייה,194,דדליפט בהתנגדות גומייה,none,0.735
dfhTg6POZm0fp2L5zo6Z,מקבילים עם גומייה בינונית,57,מקבילים עם גומייה- התנגדות נמוכה,none,0.737
i9WbX3wse5v1glqbyE9T,מתח טווח עליון,509,מתח חצי טווח עליון - בית,none,0.737
9ZTyLTiFe5TxI2jVbuPZ,מתח טווח תחתון,510,מתח חצי טווח תחתון - בית,none,0.737
fuNkwOpFCxk1xLuWGgtW,קפיצה גובה אגן,209,קפיצה על ספסל - גובה אגן,none,0.737
Rrdk6Knl26ESlG1Ok0Pm,קפיצה גובה ברך,203,קפיצה על ספסל - גובה ברך,none,0.737
ePHjx7haP7HrTU7YOgop,קפיצה גובה שוק,182,קפיצה על ספסל - גובה שוק,none,0.737
LitmztKbOSD9MvQwBDsE,כפיפת כתף בהתנגדות גומיה,194,דדליפט בהתנגדות גומייה,none,0.739
99Zbf5ZwAhb9YBo3uelF,סיסי סקוואט אקצנטרי,245,סיסי סקוואט עמוק,none,0.743
FymBLLEurdZP6D7GVoXY,החזקת מתח ב-15° עם תמיכה,443,החזקה על המתח ב-15° עם עזרה,none,0.745
aI79OpwpSkVK05nTzkYc,החזקת מתח ב-90° עם תמיכה,444,החזקה על המתח ב-90° עם עזרה,none,0.745
JgtE20xpoJKkWbf9OCYi,שכיבות סמיכה פלאנץ׳ בטאק מתקדם,450,לחיצת פלאנץ׳ בטאק מתקדם,none,0.745
iEZGhtBNV7Tv5iNuT70E,פלאנק על הברכיים,18,פלאנק - תמיכה של הברכיים,none,0.75
bSZmgdOBt9qbwvK5ihz6,דרגון סקוואט אקצנטרי,369,דרגון סקוואט,none,0.75
LpsSUoca7b1lQMqU8ZZi,מקבילים טווח עליון,253,מקבילים בטווח חלקי - חלק עליון,none,0.75
kgWSXDf5rACGGhcBRtOl,מקבילים טווח תחתון,51,מקבילים בטווח חלקי - חלק תחתון,none,0.75
gEEbTNLGhfAIGMCaDCI9,מתח אקצנטרי עם החזקות,68,מתח שלילי עם החזקות,none,0.75
jlnko9XPxuYlyoBBf3Gc,מתח קשתים,532,מתח קשתים - בית,none,0.75
GEnSPwxEqIK6HTakuXOI,מתיחות יד אחורית,348,מתח שכמות יד אחת,none,0.75
nrPxCJYZtHAyRF6Iywry,סקוואט+לחיצת כפתיים בהתנגדות גומיה,304,סקוואט בהתנגדות גומייה,none,0.75
uDGKZMVzOIoGAhSurvzR,החזקת מתח ב-120° עם תמיכה,445,החזקה על המתח ב-120° עם עזרה,none,0.755
SX7oDYmT5RmKnbxbE6Ju,כפיפת מרפקים במשקל גוף 45°,49,כפיפת מרפקים על טבעות ב-45°,none,0.755
KXt9e7KXCi6teocBmhHR,מקבילים עם גומייה דקה,48,מקבילים עם גומייה- התנגדות גבוהה,none,0.755
SI8PrjIAPoALx97w2aI1,מקבילים עם גומייה עבה,48,מקבילים עם גומייה- התנגדות גבוהה,none,0.755
Z3DNlwJAulyI28a8Kji7,עליות ספר רגליים ישרות,90,עליות 2 רגליים בישיבת L,none,0.756
r6F53Wm92MuJiDRQsEdp,הרמות פרונט לבר בטאק,299,חתירות פרונט בטאק,none,0.757
34giCNuppaFW74zpfFCA,עליית מדרגה גובה ברך,552,עליית מדרגה - בית,none,0.757
m11Y20Q6vcvU2IL7pk25,מקבילים בולגריים,60,מקבילים שלילי,none,0.759
4GVlUbVr5r9gNdUCKagI,הליכות דוב,79,הליכות חיות,none,0.762
v6DZcJA4vW0tjZTA0bUU,הליכות דוב,79,הליכות חיות,none,0.762
AdIAFteC2tmYWTPaaDtl,הליכות זחל,79,הליכות חיות,none,0.762
T1XghOTmtU74SeRRg9vb,הליכות זחל,79,הליכות חיות,none,0.762
T95vtujpj07Tq4jRvRxf,עמידת ידיים,54,עמידת פייק,none,0.762
iH5gqfgf5ggghCVOGbTc,לאנג׳ בולגרי טווח חלקי,563,לאנג' בולגרי חצי טווח - בית,none,0.766
tdwkQuP5IeaId31mengH,פיסטול סקוואט מוגבה טווח חלקי,232,פיסטול סקוואט - מוגבה רגל לפנים,none,0.767
s3kFyaLCqNnyvbAs8QdA,דדליפט רומני על הגבהה,176,דדליפט רומני - בית,none,0.769
IHHbt3DABJGof6QxaeVg,פלאנץ׳ בטאק,451,לחיצת פלאנץ׳ בטאק,none,0.769
ycvdr08dAy8xr1p5COyy,דגל בטאק,360,דרגון בטאק,none,0.778
rUIkmXn3wSpWdt3QbZ2C,החזקת חתירה ב-90° מעלות במרפק,75,החזקה בחתירות ב-90° במרפק,none,0.778
saxsXI4s9c1a4CAvi8H0,החזקת תמיכה על טבעות,106,עמידת תמיכה על הטבעות,none,0.78
wuaexRDa8zO0BVJTGZzR,שכיבות סמיכה פלאנץ׳ טאק,337,שכיבות סמיכה פסודו פלאנץ׳,none,0.783
Ov1KBOGkINWXKbVMCc9L,עליית כוח אקצנטרי עם טבעות,393,עליית כוח בקפיצה על טבעות,none,0.784
CHnLZy3KK4iQ1MAe4kRs,לאנג׳ בהצלבה,192,לאנג' אחורי בהצלבה,none,0.786
ntLPe0FyD3clX017E2jZ,שכיבות סמיכה אקצנרטי,105,שכיבות סמיכה קשתים,none,0.789
LO3I1YoeYOUtt4AuzWy6,סיסי סקוואט טווח חלקי,364,דרגון סקוואט טווח חלקי,none,0.791
GWXRsgNHry3dgqpTwCWS,פלאנץ׳ בטאק בעזרת גומייה דקה,453,פלאנץ׳ מלא בעזרת גומיה,none,0.792
kbxV76kyWw1nL3i8Mewi,דגל אנושי,358,דגל אנושי,exact,1
DWiXoX8UHKQiAS1ye40c,דגל ב-45°,354,דגל ב-45°,exact,1
FU3FAudvpYTZqYU0m8GV,דגל בעזרת גומייה,357,דגל בעזרת גומייה,exact,1
WJIrY4OW1QgfhTeNLvNS,דגל בפישוק,356,דגל בפישוק,exact,1
fg0NDJmRtK2RPXU7gHqr,דגל נמוך,350,דגל נמוך,exact,1
0vBLmiJuZnq6djGSa5LD,דגל פלאנק צידי,414,דגל פלאנק צידי,exact,1
FHh3m3suMMtoLk1PrxYv,פלאנק,27,פלאנק,exact,1
RxpMhnXQBW80jq1no41f,שולחן הפוך,73,שולחן הפוך,exact,1
utqS1uxJEWc2CrkW9ONb,דרגון סקוואט,369,דרגון סקוואט,exact,1
SlvsagDhHXcl3ppLeCe0,דרגון סקוואט טווח חלקי,364,דרגון סקוואט טווח חלקי,exact,1
SlGTzi1pSjAJ6zaPRb4S,חתירות ב-15°,109,חתירות ב-15°,exact,1
LL5swCTdRecKz2MLTkEJ,חתירות ב-30°,39,חתירות ב-30°,exact,1
lNwM1Ft8IFxFtgXjQSIF,חתירות ב-45°,29,חתירות ב-45°,exact,1
1Ievv4bUCLrhl4kSJjt1,חתירות ב-60°,25,חתירות ב-60°,exact,1
gkc3KYN1tG5wX59OJbsM,חתירות ב-75°,20,חתירות ב-75°,exact,1
aZPJ8uG279yATHs2mkba,חתירות יד אחת ב-45°,152,חתירות יד אחת ב-45°,exact,1
xDcrnqdzgPVeoDcDBoxc,חתירות קשתים ב-30°,103,חתירות קשתים ב-30°,exact,1
btdTyf1wUlNJviGkXWRT,חתירות קשתים ב-45°,94,חתירות קשתים ב-45°,exact,1
1OEFeykCym2378rgD4QK,כפיפות בטן,322,כפיפות בטן,exact,1
b3NXJVRxYK5UcynPHtCV,לאנג׳ אחורי,175,לאנג׳ אחורי,exact,1
A6ktP57z5Pvp3XkS6vGQ,לאנג׳ בולגרי,197,לאנג' בולגרי,exact,1
mr6Eylc9mY4RBFmhts6y,לאנג׳ עמוק,250,לאנג' עמוק,exact,1
qKejKkdy3IZhYj4CKxJ8,לאנג׳ קדמי,178,לאנג׳ קדמי,exact,1
hSVTgimudJNF5uVF7DfM,מקבילים,64,מקבילים,exact,1
oFjSRmVT4jDTg3bTfoFg,מקבילים על טבעות,125,מקבילים על טבעות,exact,1
nMuPfFBhXptn5GrRBgFe,מקבילים על מוט,135,מקבילים על מוט,exact,1
sPASfuHeE1eAFQgHrE5z,מתח,92,מתח,exact,1
J1OjYnCc9FkhU0jnlnOC,מתח מתפרץ גבוה,134,מתח מתפרץ גבוה,exact,1
6942rEl6J6OU4o3wL0di,מתח צר,419,מתח צר,exact,1
DYedWU31zFrpuskfsd1E,מתח קומנדו,334,מתח קומנדו,exact,1
vidg1p5HPoqaVjccqUo4,מתח רחב,286,מתח רחב,exact,1
bipC8JTcoyzcJv5Ue0ep,מתח שכמות יד אחת,348,מתח שכמות יד אחת,exact,1
gWHaGzObmixb1vr66l5I,מתיחת מתפלל,262,מתיחת מתפלל,exact,1
nNngFubkqQMjkODJmAky,נורדיק אחורי,231,נורדיק אחורי,exact,1
wIr3N5DkO5epyd52sO2v,סומו סקוואט,191,סומו סקוואט,exact,1
GBj2NlbFzc3eD8TLZzwQ,סיסי לאנג׳,379,סיסי לאנג׳,exact,1
V5XuakR2593PChTPgUGP,סיסי סקוואט,239,סיסי סקוואט,exact,1
34JqI5TOOlCgFOW12311,סקוואט,180,סקוואט,exact,1
liSboXONbRr0gBPLJw5l,סקוואט בהונות,385,סקוואט בהונות,exact,1
Mk130cdYXAUnMR3GHN81,סקוואט עמוק,188,סקוואט עמוק,exact,1
B0pnjy0oT9jTizikeLSb,עליות תאומים,223,עליות תאומים,exact,1
wfgHCel9MyopaIXRQS8D,עליות תאומים על מדרגה,187,עליות תאומים על מדרגה,exact,1
bXbxbp5k0fcmsVIeELpf,עליית כוח בקפיצה,128,עליית כוח בקפיצה,exact,1
wL1vJsWuey9JFRnJMcBC,עליית כוח על טבעות בעזרת גומייה,394,עליית כוח על טבעות בעזרת גומייה,exact,1
9BBOvu1SNMzNxgPun8ZH,עמידת פייק,54,עמידת פייק,exact,1
qRoLtKTPXF3CJsQ9hMTg,פינגווינים,324,פינגווינים,exact,1
MlOTF9ODoGXmsPkQHUyd,פיסטול סקוואט,306,פיסטול סקוואט,exact,1
aca3BmSZGKY8ZSTU7qKM,פרונט לבר מלא,359,פרונט לבר מלא,exact,1
PM16d9WoigHe5Z7SDRCt,פשיטת מרפקים למתקדמים,295,פשיטת מרפקים למתקדמים,exact,1
xNeEudyiKRcylBmrjGcl,פשיטת מרפקים על הרצפה,111,פשיטת מרפקים על הרצפה,exact,1
ecr0mBSRkTq6nQ8RVN91,שכיבות סמיכה,44,שכיבות סמיכה,exact,1
MbvciviT7WaVagimUNBo,שכיבות סמיכה ב-15°,30,שכיבות סמיכה ב-15°,exact,1
E2O0vrcD8KuY0kvaYZhn,שכיבות סמיכה ב-30°,42,שכיבות סמיכה ב-30°,exact,1
dGG8JVTj1NeSAEDhxvJT,שכיבות סמיכה ב-45°,34,שכיבות סמיכה ב-45°,exact,1
w2uCZ8u7q5i09EFxzOCB,שכיבות סמיכה ב-60°,22,שכיבות סמיכה ב-60°,exact,1
rzu4LvBRjd2qOH5bvIZm,שכיבות סמיכה ב-75°,19,שכיבות סמיכה ב-75°,exact,1
T4TOz1GLjfpwU1NQtz3r,שכיבות סמיכה בפישוק,35,שכיבות סמיכה בפישוק,exact,1
CybbIJXFkL7ZxvKkIiQE,שכיבות סמיכה יהלום,146,שכיבות סמיכה יהלום,exact,1
EnS9ade12iVKtUEDuiGW,שכיבות סמיכה לשכמות,255,שכיבות סמיכה לשכמות,exact,1
GEWFBnyTrhoe4HVon0H0,שכיבות סמיכה מתפרץ,136,שכיבות סמיכה מתפרץ,exact,1
ygLX09TirHMb4EW0Gn6s,שכיבות סמיכה פסודו פלאנץ׳,337,שכיבות סמיכה פסודו פלאנץ׳,exact,1
q4o11pc4r1c7tUfCKse5,שכיבות סמיכה קשתים,105,שכיבות סמיכה קשתים,exact,1
